City,Spanish,English,Hindi,Urdu,Russian,French
Queens,51.94126674,556.500464,521.7870947,114.7293645,389.188901,860.5095947
Manhattan,943.6593379,411.7363975,659.9105586,416.308176,81.30237616,400.9050879
Brooklyn,666.6360011,139.8603267,611.0708759,490.8616905,714.6984318,938.367326