This is pdfTeX, Version 3.141592653-2.6-1.40.25 (TeX Live 2023/Debian) (preloaded format=pdflatex 2024.12.19)  3 OCT 2026 11:07
entering extended mode
 \write18 enabled.
 %&-line parsing enabled.
**qb_v2.tex
(./qb_v2.tex
LaTeX2e <2023-11-01> patch level 1
L3 programming layer <2024-01-22>
(/usr/share/texlive/texmf-dist/tex/latex/beamer/beamer.cls
Document Class: beamer 2024/01/06 v3.71 A class for typesetting presentations
(/usr/share/texlive/texmf-dist/tex/latex/beamer/beamerbasemodes.sty
(/usr/share/texlive/texmf-dist/tex/latex/etoolbox/etoolbox.sty
Package: etoolbox 2020/10/05 v2.5k e-TeX tools for LaTeX (JAW)
\etb@tempcnta=\count187
)
\beamer@tempbox=\box51
\beamer@tempcount=\count188
\c@beamerpauses=\count189

(/usr/share/texlive/texmf-dist/tex/latex/beamer/beamerbasedecode.sty
\beamer@slideinframe=\count190
\beamer@minimum=\count191
\beamer@decode@box=\box52
)
\beamer@commentbox=\box53
\beamer@modecount=\count192
)
(/usr/share/texlive/texmf-dist/tex/generic/iftex/iftex.sty
Package: iftex 2022/02/03 v1.0f TeX engine tests
)
\headdp=\dimen140
\footheight=\dimen141
\sidebarheight=\dimen142
\beamer@tempdim=\dimen143
\beamer@finalheight=\dimen144
\beamer@animht=\dimen145
\beamer@animdp=\dimen146
\beamer@animwd=\dimen147
\beamer@leftmargin=\dimen148
\beamer@rightmargin=\dimen149
\beamer@leftsidebar=\dimen150
\beamer@rightsidebar=\dimen151
\beamer@boxsize=\dimen152
\beamer@vboxoffset=\dimen153
\beamer@descdefault=\dimen154
\beamer@descriptionwidth=\dimen155
\beamer@lastskip=\skip48
\beamer@areabox=\box54
\beamer@animcurrent=\box55
\beamer@animshowbox=\box56
\beamer@sectionbox=\box57
\beamer@logobox=\box58
\beamer@linebox=\box59
\beamer@sectioncount=\count193
\beamer@subsubsectionmax=\count194
\beamer@subsectionmax=\count195
\beamer@sectionmax=\count196
\beamer@totalheads=\count197
\beamer@headcounter=\count198
\beamer@partstartpage=\count199
\beamer@sectionstartpage=\count266
\beamer@subsectionstartpage=\count267
\beamer@animationtempa=\count268
\beamer@animationtempb=\count269
\beamer@xpos=\count270
\beamer@ypos=\count271
\beamer@ypos@offset=\count272
\beamer@showpartnumber=\count273
\beamer@currentsubsection=\count274
\beamer@coveringdepth=\count275
\beamer@sectionadjust=\count276
\beamer@toclastsection=\count277
\beamer@tocsectionnumber=\count278

(/usr/share/texlive/texmf-dist/tex/latex/beamer/beamerbaseoptions.sty
(/usr/share/texlive/texmf-dist/tex/latex/graphics/keyval.sty
Package: keyval 2022/05/29 v1.15 key=value parser (DPC)
\KV@toks@=\toks17
))
\beamer@paperwidth=\skip49
\beamer@paperheight=\skip50

(/usr/share/texlive/texmf-dist/tex/latex/geometry/geometry.sty
Package: geometry 2020/01/02 v5.9 Page Geometry

(/usr/share/texlive/texmf-dist/tex/generic/iftex/ifvtex.sty
Package: ifvtex 2019/10/25 v1.7 ifvtex legacy package. Use iftex instead.
)
\Gm@cnth=\count279
\Gm@cntv=\count280
\c@Gm@tempcnt=\count281
\Gm@bindingoffset=\dimen156
\Gm@wd@mp=\dimen157
\Gm@odd@mp=\dimen158
\Gm@even@mp=\dimen159
\Gm@layoutwidth=\dimen160
\Gm@layoutheight=\dimen161
\Gm@layouthoffset=\dimen162
\Gm@layoutvoffset=\dimen163
\Gm@dimlist=\toks18
)
(/usr/share/texlive/texmf-dist/tex/latex/pgf/math/pgfmath.sty
(/usr/share/texlive/texmf-dist/tex/latex/pgf/utilities/pgfrcs.sty
(/usr/share/texlive/texmf-dist/tex/generic/pgf/utilities/pgfutil-common.tex
\pgfutil@everybye=\toks19
\pgfutil@tempdima=\dimen164
\pgfutil@tempdimb=\dimen165
)
(/usr/share/texlive/texmf-dist/tex/generic/pgf/utilities/pgfutil-latex.def
\pgfutil@abb=\box60
)
(/usr/share/texlive/texmf-dist/tex/generic/pgf/utilities/pgfrcs.code.tex
(/usr/share/texlive/texmf-dist/tex/generic/pgf/pgf.revision.tex)
Package: pgfrcs 2023-01-15 v3.1.10 (3.1.10)
))
(/usr/share/texlive/texmf-dist/tex/latex/pgf/utilities/pgfkeys.sty
(/usr/share/texlive/texmf-dist/tex/generic/pgf/utilities/pgfkeys.code.tex
\pgfkeys@pathtoks=\toks20
\pgfkeys@temptoks=\toks21

(/usr/share/texlive/texmf-dist/tex/generic/pgf/utilities/pgfkeyslibraryfiltered
.code.tex
\pgfkeys@tmptoks=\toks22
)))
(/usr/share/texlive/texmf-dist/tex/generic/pgf/math/pgfmath.code.tex
(/usr/share/texlive/texmf-dist/tex/generic/pgf/math/pgfmathutil.code.tex
\pgf@x=\dimen166
\pgf@xa=\dimen167
\pgf@xb=\dimen168
\pgf@xc=\dimen169
\pgf@y=\dimen170
\pgf@ya=\dimen171
\pgf@yb=\dimen172
\pgf@yc=\dimen173
\c@pgf@counta=\count282
\c@pgf@countb=\count283
\c@pgf@countc=\count284
\c@pgf@countd=\count285
)
(/usr/share/texlive/texmf-dist/tex/generic/pgf/math/pgfmathparser.code.tex
\pgfmath@dimen=\dimen174
\pgfmath@count=\count286
\pgfmath@box=\box61
\pgfmath@toks=\toks23
\pgfmath@stack@operand=\toks24
\pgfmath@stack@operation=\toks25
)
(/usr/share/texlive/texmf-dist/tex/generic/pgf/math/pgfmathfunctions.code.tex)
(/usr/share/texlive/texmf-dist/tex/generic/pgf/math/pgfmathfunctions.basic.code
.tex)
(/usr/share/texlive/texmf-dist/tex/generic/pgf/math/pgfmathfunctions.trigonomet
ric.code.tex)
(/usr/share/texlive/texmf-dist/tex/generic/pgf/math/pgfmathfunctions.random.cod
e.tex)
(/usr/share/texlive/texmf-dist/tex/generic/pgf/math/pgfmathfunctions.comparison
.code.tex)
(/usr/share/texlive/texmf-dist/tex/generic/pgf/math/pgfmathfunctions.base.code.
tex)
(/usr/share/texlive/texmf-dist/tex/generic/pgf/math/pgfmathfunctions.round.code
.tex)
(/usr/share/texlive/texmf-dist/tex/generic/pgf/math/pgfmathfunctions.misc.code.
tex)
(/usr/share/texlive/texmf-dist/tex/generic/pgf/math/pgfmathfunctions.integerari
thmetics.code.tex)
(/usr/share/texlive/texmf-dist/tex/generic/pgf/math/pgfmathcalc.code.tex)
(/usr/share/texlive/texmf-dist/tex/generic/pgf/math/pgfmathfloat.code.tex
\c@pgfmathroundto@lastzeros=\count287
)))
(/usr/share/texlive/texmf-dist/tex/latex/base/size10.clo
File: size10.clo 2023/05/17 v1.4n Standard LaTeX file (size option)
)
(/usr/share/texlive/texmf-dist/tex/latex/pgf/basiclayer/pgfcore.sty
(/usr/share/texlive/texmf-dist/tex/latex/graphics/graphicx.sty
Package: graphicx 2021/09/16 v1.2d Enhanced LaTeX Graphics (DPC,SPQR)

(/usr/share/texlive/texmf-dist/tex/latex/graphics/graphics.sty
Package: graphics 2022/03/10 v1.4e Standard LaTeX Graphics (DPC,SPQR)

(/usr/share/texlive/texmf-dist/tex/latex/graphics/trig.sty
Package: trig 2021/08/11 v1.11 sin cos tan (DPC)
)
(/usr/share/texlive/texmf-dist/tex/latex/graphics-cfg/graphics.cfg
File: graphics.cfg 2016/06/04 v1.11 sample graphics configuration
)
Package graphics Info: Driver file: pdftex.def on input line 107.

(/usr/share/texlive/texmf-dist/tex/latex/graphics-def/pdftex.def
File: pdftex.def 2022/09/22 v1.2b Graphics/color driver for pdftex
))
\Gin@req@height=\dimen175
\Gin@req@width=\dimen176
)
(/usr/share/texlive/texmf-dist/tex/latex/pgf/systemlayer/pgfsys.sty
(/usr/share/texlive/texmf-dist/tex/generic/pgf/systemlayer/pgfsys.code.tex
Package: pgfsys 2023-01-15 v3.1.10 (3.1.10)
\pgf@x=\dimen177
\pgf@y=\dimen178
\pgf@xa=\dimen179
\pgf@ya=\dimen180
\pgf@xb=\dimen181
\pgf@yb=\dimen182
\pgf@xc=\dimen183
\pgf@yc=\dimen184
\pgf@xd=\dimen185
\pgf@yd=\dimen186
\w@pgf@writea=\write3
\r@pgf@reada=\read2
\c@pgf@counta=\count288
\c@pgf@countb=\count289
\c@pgf@countc=\count290
\c@pgf@countd=\count291
\t@pgf@toka=\toks26
\t@pgf@tokb=\toks27
\t@pgf@tokc=\toks28
\pgf@sys@id@count=\count292

(/usr/share/texlive/texmf-dist/tex/generic/pgf/systemlayer/pgf.cfg
File: pgf.cfg 2023-01-15 v3.1.10 (3.1.10)
)
Driver file for pgf: pgfsys-pdftex.def

(/usr/share/texlive/texmf-dist/tex/generic/pgf/systemlayer/pgfsys-pdftex.def
File: pgfsys-pdftex.def 2023-01-15 v3.1.10 (3.1.10)

(/usr/share/texlive/texmf-dist/tex/generic/pgf/systemlayer/pgfsys-common-pdf.de
f
File: pgfsys-common-pdf.def 2023-01-15 v3.1.10 (3.1.10)
)))
(/usr/share/texlive/texmf-dist/tex/generic/pgf/systemlayer/pgfsyssoftpath.code.
tex
File: pgfsyssoftpath.code.tex 2023-01-15 v3.1.10 (3.1.10)
\pgfsyssoftpath@smallbuffer@items=\count293
\pgfsyssoftpath@bigbuffer@items=\count294
)
(/usr/share/texlive/texmf-dist/tex/generic/pgf/systemlayer/pgfsysprotocol.code.
tex
File: pgfsysprotocol.code.tex 2023-01-15 v3.1.10 (3.1.10)
)) (/usr/share/texlive/texmf-dist/tex/latex/xcolor/xcolor.sty
Package: xcolor 2023/11/15 v3.01 LaTeX color extensions (UK)

(/usr/share/texlive/texmf-dist/tex/latex/graphics-cfg/color.cfg
File: color.cfg 2016/01/02 v1.6 sample color configuration
)
Package xcolor Info: Driver file: pdftex.def on input line 274.

(/usr/share/texlive/texmf-dist/tex/latex/graphics/mathcolor.ltx)
Package xcolor Info: Model `cmy' substituted by `cmy0' on input line 1350.
Package xcolor Info: Model `hsb' substituted by `rgb' on input line 1354.
Package xcolor Info: Model `RGB' extended on input line 1366.
Package xcolor Info: Model `HTML' substituted by `rgb' on input line 1368.
Package xcolor Info: Model `Hsb' substituted by `hsb' on input line 1369.
Package xcolor Info: Model `tHsb' substituted by `hsb' on input line 1370.
Package xcolor Info: Model `HSB' substituted by `hsb' on input line 1371.
Package xcolor Info: Model `Gray' substituted by `gray' on input line 1372.
Package xcolor Info: Model `wave' substituted by `hsb' on input line 1373.
)
(/usr/share/texlive/texmf-dist/tex/generic/pgf/basiclayer/pgfcore.code.tex
Package: pgfcore 2023-01-15 v3.1.10 (3.1.10)

(/usr/share/texlive/texmf-dist/tex/generic/pgf/math/pgfint.code.tex)
(/usr/share/texlive/texmf-dist/tex/generic/pgf/basiclayer/pgfcorepoints.code.te
x
File: pgfcorepoints.code.tex 2023-01-15 v3.1.10 (3.1.10)
\pgf@picminx=\dimen187
\pgf@picmaxx=\dimen188
\pgf@picminy=\dimen189
\pgf@picmaxy=\dimen190
\pgf@pathminx=\dimen191
\pgf@pathmaxx=\dimen192
\pgf@pathminy=\dimen193
\pgf@pathmaxy=\dimen194
\pgf@xx=\dimen195
\pgf@xy=\dimen196
\pgf@yx=\dimen197
\pgf@yy=\dimen198
\pgf@zx=\dimen199
\pgf@zy=\dimen256
)
(/usr/share/texlive/texmf-dist/tex/generic/pgf/basiclayer/pgfcorepathconstruct.
code.tex
File: pgfcorepathconstruct.code.tex 2023-01-15 v3.1.10 (3.1.10)
\pgf@path@lastx=\dimen257
\pgf@path@lasty=\dimen258
)
(/usr/share/texlive/texmf-dist/tex/generic/pgf/basiclayer/pgfcorepathusage.code
.tex
File: pgfcorepathusage.code.tex 2023-01-15 v3.1.10 (3.1.10)
\pgf@shorten@end@additional=\dimen259
\pgf@shorten@start@additional=\dimen260
)
(/usr/share/texlive/texmf-dist/tex/generic/pgf/basiclayer/pgfcorescopes.code.te
x
File: pgfcorescopes.code.tex 2023-01-15 v3.1.10 (3.1.10)
\pgfpic=\box62
\pgf@hbox=\box63
\pgf@layerbox@main=\box64
\pgf@picture@serial@count=\count295
)
(/usr/share/texlive/texmf-dist/tex/generic/pgf/basiclayer/pgfcoregraphicstate.c
ode.tex
File: pgfcoregraphicstate.code.tex 2023-01-15 v3.1.10 (3.1.10)
\pgflinewidth=\dimen261
)
(/usr/share/texlive/texmf-dist/tex/generic/pgf/basiclayer/pgfcoretransformation
s.code.tex
File: pgfcoretransformations.code.tex 2023-01-15 v3.1.10 (3.1.10)
\pgf@pt@x=\dimen262
\pgf@pt@y=\dimen263
\pgf@pt@temp=\dimen264
)
(/usr/share/texlive/texmf-dist/tex/generic/pgf/basiclayer/pgfcorequick.code.tex
File: pgfcorequick.code.tex 2023-01-15 v3.1.10 (3.1.10)
)
(/usr/share/texlive/texmf-dist/tex/generic/pgf/basiclayer/pgfcoreobjects.code.t
ex
File: pgfcoreobjects.code.tex 2023-01-15 v3.1.10 (3.1.10)
)
(/usr/share/texlive/texmf-dist/tex/generic/pgf/basiclayer/pgfcorepathprocessing
.code.tex
File: pgfcorepathprocessing.code.tex 2023-01-15 v3.1.10 (3.1.10)
)
(/usr/share/texlive/texmf-dist/tex/generic/pgf/basiclayer/pgfcorearrows.code.te
x
File: pgfcorearrows.code.tex 2023-01-15 v3.1.10 (3.1.10)
\pgfarrowsep=\dimen265
)
(/usr/share/texlive/texmf-dist/tex/generic/pgf/basiclayer/pgfcoreshade.code.tex
File: pgfcoreshade.code.tex 2023-01-15 v3.1.10 (3.1.10)
\pgf@max=\dimen266
\pgf@sys@shading@range@num=\count296
\pgf@shadingcount=\count297
)
(/usr/share/texlive/texmf-dist/tex/generic/pgf/basiclayer/pgfcoreimage.code.tex
File: pgfcoreimage.code.tex 2023-01-15 v3.1.10 (3.1.10)
)
(/usr/share/texlive/texmf-dist/tex/generic/pgf/basiclayer/pgfcoreexternal.code.
tex
File: pgfcoreexternal.code.tex 2023-01-15 v3.1.10 (3.1.10)
\pgfexternal@startupbox=\box65
)
(/usr/share/texlive/texmf-dist/tex/generic/pgf/basiclayer/pgfcorelayers.code.te
x
File: pgfcorelayers.code.tex 2023-01-15 v3.1.10 (3.1.10)
)
(/usr/share/texlive/texmf-dist/tex/generic/pgf/basiclayer/pgfcoretransparency.c
ode.tex
File: pgfcoretransparency.code.tex 2023-01-15 v3.1.10 (3.1.10)
)
(/usr/share/texlive/texmf-dist/tex/generic/pgf/basiclayer/pgfcorepatterns.code.
tex
File: pgfcorepatterns.code.tex 2023-01-15 v3.1.10 (3.1.10)
)
(/usr/share/texlive/texmf-dist/tex/generic/pgf/basiclayer/pgfcorerdf.code.tex
File: pgfcorerdf.code.tex 2023-01-15 v3.1.10 (3.1.10)
))) (/usr/share/texlive/texmf-dist/tex/latex/pgf/utilities/xxcolor.sty
Package: xxcolor 2003/10/24 ver 0.1
\XC@nummixins=\count298
\XC@countmixins=\count299
)
(/usr/share/texlive/texmf-dist/tex/latex/base/atbegshi-ltx.sty
Package: atbegshi-ltx 2021/01/10 v1.0c Emulation of the original atbegshi
package with kernel methods
)
(/usr/share/texlive/texmf-dist/tex/latex/hyperref/hyperref.sty
Package: hyperref 2024-01-20 v7.01h Hypertext links for LaTeX

(/usr/share/texlive/texmf-dist/tex/latex/kvsetkeys/kvsetkeys.sty
Package: kvsetkeys 2022-10-05 v1.19 Key value parser (HO)
)
(/usr/share/texlive/texmf-dist/tex/generic/kvdefinekeys/kvdefinekeys.sty
Package: kvdefinekeys 2019-12-19 v1.6 Define keys (HO)
)
(/usr/share/texlive/texmf-dist/tex/generic/pdfescape/pdfescape.sty
Package: pdfescape 2019/12/09 v1.15 Implements pdfTeX's escape features (HO)

(/usr/share/texlive/texmf-dist/tex/generic/ltxcmds/ltxcmds.sty
Package: ltxcmds 2023-12-04 v1.26 LaTeX kernel commands for general use (HO)
)
(/usr/share/texlive/texmf-dist/tex/generic/pdftexcmds/pdftexcmds.sty
Package: pdftexcmds 2020-06-27 v0.33 Utility functions of pdfTeX for LuaTeX (HO
)

(/usr/share/texlive/texmf-dist/tex/generic/infwarerr/infwarerr.sty
Package: infwarerr 2019/12/03 v1.5 Providing info/warning/error messages (HO)
)
Package pdftexcmds Info: \pdf@primitive is available.
Package pdftexcmds Info: \pdf@ifprimitive is available.
Package pdftexcmds Info: \pdfdraftmode found.
))
(/usr/share/texlive/texmf-dist/tex/latex/hycolor/hycolor.sty
Package: hycolor 2020-01-27 v1.10 Color options for hyperref/bookmark (HO)
)
(/usr/share/texlive/texmf-dist/tex/latex/auxhook/auxhook.sty
Package: auxhook 2019-12-17 v1.6 Hooks for auxiliary files (HO)
)
(/usr/share/texlive/texmf-dist/tex/latex/hyperref/nameref.sty
Package: nameref 2023-11-26 v2.56 Cross-referencing by name of section

(/usr/share/texlive/texmf-dist/tex/latex/refcount/refcount.sty
Package: refcount 2019/12/15 v3.6 Data extraction from label references (HO)
)
(/usr/share/texlive/texmf-dist/tex/generic/gettitlestring/gettitlestring.sty
Package: gettitlestring 2019/12/15 v1.6 Cleanup title references (HO)

(/usr/share/texlive/texmf-dist/tex/latex/kvoptions/kvoptions.sty
Package: kvoptions 2022-06-15 v3.15 Key value format for package options (HO)
))
\c@section@level=\count300
)
\@linkdim=\dimen267
\Hy@linkcounter=\count301
\Hy@pagecounter=\count302

(/usr/share/texlive/texmf-dist/tex/latex/hyperref/pd1enc.def
File: pd1enc.def 2024-01-20 v7.01h Hyperref: PDFDocEncoding definition (HO)
Now handling font encoding PD1 ...
... no UTF-8 mapping file for font encoding PD1
)
(/usr/share/texlive/texmf-dist/tex/generic/intcalc/intcalc.sty
Package: intcalc 2019/12/15 v1.3 Expandable calculations with integers (HO)
)
\Hy@SavedSpaceFactor=\count303

(/usr/share/texlive/texmf-dist/tex/latex/hyperref/puenc.def
File: puenc.def 2024-01-20 v7.01h Hyperref: PDF Unicode definition (HO)
Now handling font encoding PU ...
... no UTF-8 mapping file for font encoding PU
)
Package hyperref Info: Option `bookmarks' set `true' on input line 4062.
Package hyperref Info: Option `bookmarksopen' set `true' on input line 4062.
Package hyperref Info: Option `implicit' set `false' on input line 4062.
Package hyperref Info: Hyper figures OFF on input line 4179.
Package hyperref Info: Link nesting OFF on input line 4184.
Package hyperref Info: Hyper index ON on input line 4187.
Package hyperref Info: Plain pages OFF on input line 4194.
Package hyperref Info: Backreferencing OFF on input line 4199.
Package hyperref Info: Implicit mode OFF; no redefinition of LaTeX internals.
Package hyperref Info: Bookmarks ON on input line 4446.
\c@Hy@tempcnt=\count304

(/usr/share/texlive/texmf-dist/tex/latex/url/url.sty
\Urlmuskip=\muskip16
Package: url 2013/09/16  ver 3.4  Verb mode for urls, etc.
)
LaTeX Info: Redefining \url on input line 4784.
\XeTeXLinkMargin=\dimen268

(/usr/share/texlive/texmf-dist/tex/generic/bitset/bitset.sty
Package: bitset 2019/12/09 v1.3 Handle bit-vector datatype (HO)

(/usr/share/texlive/texmf-dist/tex/generic/bigintcalc/bigintcalc.sty
Package: bigintcalc 2019/12/15 v1.5 Expandable calculations on big integers (HO
)
))
\Fld@menulength=\count305
\Field@Width=\dimen269
\Fld@charsize=\dimen270
Package hyperref Info: Hyper figures OFF on input line 6063.
Package hyperref Info: Link nesting OFF on input line 6068.
Package hyperref Info: Hyper index ON on input line 6071.
Package hyperref Info: backreferencing OFF on input line 6078.
Package hyperref Info: Link coloring OFF on input line 6083.
Package hyperref Info: Link coloring with OCG OFF on input line 6088.
Package hyperref Info: PDF/A mode OFF on input line 6093.
\Hy@abspage=\count306


Package hyperref Message: Stopped early.

)
Package hyperref Info: Driver (autodetected): hpdftex.
 (/usr/share/texlive/texmf-dist/tex/latex/hyperref/hpdftex.def
File: hpdftex.def 2024-01-20 v7.01h Hyperref driver for pdfTeX

(/usr/share/texlive/texmf-dist/tex/latex/base/atveryend-ltx.sty
Package: atveryend-ltx 2020/08/19 v1.0a Emulation of the original atveryend pac
kage
with kernel methods
)
\Fld@listcount=\count307
\c@bookmark@seq@number=\count308

(/usr/share/texlive/texmf-dist/tex/latex/rerunfilecheck/rerunfilecheck.sty
Package: rerunfilecheck 2022-07-10 v1.10 Rerun checks for auxiliary files (HO)

(/usr/share/texlive/texmf-dist/tex/generic/uniquecounter/uniquecounter.sty
Package: uniquecounter 2019/12/15 v1.4 Provide unlimited unique counter (HO)
)
Package uniquecounter Info: New unique counter `rerunfilecheck' on input line 2
85.
))
(/usr/share/texlive/texmf-dist/tex/latex/beamer/beamerbaserequires.sty
(/usr/share/texlive/texmf-dist/tex/latex/beamer/beamerbasecompatibility.sty)
(/usr/share/texlive/texmf-dist/tex/latex/beamer/beamerbasefont.sty
(/usr/share/texlive/texmf-dist/tex/latex/amsfonts/amssymb.sty
Package: amssymb 2013/01/14 v3.01 AMS font symbols

(/usr/share/texlive/texmf-dist/tex/latex/amsfonts/amsfonts.sty
Package: amsfonts 2013/01/14 v3.01 Basic AMSFonts support
\@emptytoks=\toks29
\symAMSa=\mathgroup4
\symAMSb=\mathgroup5
LaTeX Font Info:    Redeclaring math symbol \hbar on input line 98.
LaTeX Font Info:    Overwriting math alphabet `\mathfrak' in version `bold'
(Font)                  U/euf/m/n --> U/euf/b/n on input line 106.
))
(/usr/share/texlive/texmf-dist/tex/latex/sansmathaccent/sansmathaccent.sty
Package: sansmathaccent 2020/01/31

(/usr/share/texlive/texmf-dist/tex/latex/koma-script/scrlfile.sty
Package: scrlfile 2023/07/07 v3.41 KOMA-Script package (file load hooks)

(/usr/share/texlive/texmf-dist/tex/latex/koma-script/scrlfile-hook.sty
Package: scrlfile-hook 2023/07/07 v3.41 KOMA-Script package (using LaTeX hooks)


(/usr/share/texlive/texmf-dist/tex/latex/koma-script/scrlogo.sty
Package: scrlogo 2023/07/07 v3.41 KOMA-Script package (logo)
)))))
(/usr/share/texlive/texmf-dist/tex/latex/beamer/beamerbasetranslator.sty
(/usr/share/texlive/texmf-dist/tex/latex/translator/translator.sty
Package: translator 2021-05-31 v1.12d Easy translation of strings in LaTeX
))
(/usr/share/texlive/texmf-dist/tex/latex/beamer/beamerbasemisc.sty)
(/usr/share/texlive/texmf-dist/tex/latex/beamer/beamerbasetwoscreens.sty)
(/usr/share/texlive/texmf-dist/tex/latex/beamer/beamerbaseoverlay.sty
\beamer@argscount=\count309
\beamer@lastskipcover=\skip51
\beamer@trivlistdepth=\count310
)
(/usr/share/texlive/texmf-dist/tex/latex/beamer/beamerbasetitle.sty)
(/usr/share/texlive/texmf-dist/tex/latex/beamer/beamerbasesection.sty
\c@lecture=\count311
\c@part=\count312
\c@section=\count313
\c@subsection=\count314
\c@subsubsection=\count315
)
(/usr/share/texlive/texmf-dist/tex/latex/beamer/beamerbaseframe.sty
\beamer@framebox=\box66
\beamer@frametitlebox=\box67
\beamer@zoombox=\box68
\beamer@zoomcount=\count316
\beamer@zoomframecount=\count317
\beamer@frametextheight=\dimen271
\c@subsectionslide=\count318
\beamer@frametopskip=\skip52
\beamer@framebottomskip=\skip53
\beamer@frametopskipautobreak=\skip54
\beamer@framebottomskipautobreak=\skip55
\beamer@envbody=\toks30
\framewidth=\dimen272
\c@framenumber=\count319
)
(/usr/share/texlive/texmf-dist/tex/latex/beamer/beamerbaseverbatim.sty
\beamer@verbatimfileout=\write4
)
(/usr/share/texlive/texmf-dist/tex/latex/beamer/beamerbaseframesize.sty
\beamer@splitbox=\box69
\beamer@autobreakcount=\count320
\beamer@autobreaklastheight=\dimen273
\beamer@frametitletoks=\toks31
\beamer@framesubtitletoks=\toks32
)
(/usr/share/texlive/texmf-dist/tex/latex/beamer/beamerbaseframecomponents.sty
\beamer@footins=\box70
)
(/usr/share/texlive/texmf-dist/tex/latex/beamer/beamerbasecolor.sty)
(/usr/share/texlive/texmf-dist/tex/latex/beamer/beamerbasenotes.sty
\beamer@frameboxcopy=\box71
)
(/usr/share/texlive/texmf-dist/tex/latex/beamer/beamerbasetoc.sty)
(/usr/share/texlive/texmf-dist/tex/latex/beamer/beamerbasetemplates.sty
\beamer@sbttoks=\toks33

(/usr/share/texlive/texmf-dist/tex/latex/beamer/beamerbaseauxtemplates.sty
(/usr/share/texlive/texmf-dist/tex/latex/beamer/beamerbaseboxes.sty
\bmb@box=\box72
\bmb@colorbox=\box73
\bmb@boxwidth=\dimen274
\bmb@boxheight=\dimen275
\bmb@prevheight=\dimen276
\bmb@temp=\dimen277
\bmb@dima=\dimen278
\bmb@dimb=\dimen279
\bmb@prevheight=\dimen280
)
\beamer@blockheadheight=\dimen281
))
(/usr/share/texlive/texmf-dist/tex/latex/beamer/beamerbaselocalstructure.sty
(/usr/share/texlive/texmf-dist/tex/latex/tools/enumerate.sty
Package: enumerate 2023/07/04 v3.00 enumerate extensions (DPC)
\@enLab=\toks34
)
\beamer@bibiconwidth=\skip56
\c@figure=\count321
\c@table=\count322
\abovecaptionskip=\skip57
\belowcaptionskip=\skip58
)
(/usr/share/texlive/texmf-dist/tex/latex/beamer/beamerbasenavigation.sty
(/usr/share/texlive/texmf-dist/tex/latex/beamer/beamerbasenavigationsymbols.tex
)
\beamer@section@min@dim=\dimen282
) (/usr/share/texlive/texmf-dist/tex/latex/beamer/beamerbasetheorems.sty
(/usr/share/texlive/texmf-dist/tex/latex/amsmath/amsmath.sty
Package: amsmath 2023/05/13 v2.17o AMS math features
\@mathmargin=\skip59

For additional information on amsmath, use the `?' option.
(/usr/share/texlive/texmf-dist/tex/latex/amsmath/amstext.sty
Package: amstext 2021/08/26 v2.01 AMS text

(/usr/share/texlive/texmf-dist/tex/latex/amsmath/amsgen.sty
File: amsgen.sty 1999/11/30 v2.0 generic functions
\@emptytoks=\toks35
\ex@=\dimen283
))
(/usr/share/texlive/texmf-dist/tex/latex/amsmath/amsbsy.sty
Package: amsbsy 1999/11/29 v1.2d Bold Symbols
\pmbraise@=\dimen284
)
(/usr/share/texlive/texmf-dist/tex/latex/amsmath/amsopn.sty
Package: amsopn 2022/04/08 v2.04 operator names
)
\inf@bad=\count323
LaTeX Info: Redefining \frac on input line 234.
\uproot@=\count324
\leftroot@=\count325
LaTeX Info: Redefining \overline on input line 399.
LaTeX Info: Redefining \colon on input line 410.
\classnum@=\count326
\DOTSCASE@=\count327
LaTeX Info: Redefining \ldots on input line 496.
LaTeX Info: Redefining \dots on input line 499.
LaTeX Info: Redefining \cdots on input line 620.
\Mathstrutbox@=\box74
\strutbox@=\box75
LaTeX Info: Redefining \big on input line 722.
LaTeX Info: Redefining \Big on input line 723.
LaTeX Info: Redefining \bigg on input line 724.
LaTeX Info: Redefining \Bigg on input line 725.
\big@size=\dimen285
LaTeX Font Info:    Redeclaring font encoding OML on input line 743.
LaTeX Font Info:    Redeclaring font encoding OMS on input line 744.
\macc@depth=\count328
LaTeX Info: Redefining \bmod on input line 905.
LaTeX Info: Redefining \pmod on input line 910.
LaTeX Info: Redefining \smash on input line 940.
LaTeX Info: Redefining \relbar on input line 970.
LaTeX Info: Redefining \Relbar on input line 971.
\c@MaxMatrixCols=\count329
\dotsspace@=\muskip17
\c@parentequation=\count330
\dspbrk@lvl=\count331
\tag@help=\toks36
\row@=\count332
\column@=\count333
\maxfields@=\count334
\andhelp@=\toks37
\eqnshift@=\dimen286
\alignsep@=\dimen287
\tagshift@=\dimen288
\tagwidth@=\dimen289
\totwidth@=\dimen290
\lineht@=\dimen291
\@envbody=\toks38
\multlinegap=\skip60
\multlinetaggap=\skip61
\mathdisplay@stack=\toks39
LaTeX Info: Redefining \[ on input line 2953.
LaTeX Info: Redefining \] on input line 2954.
)
(/usr/share/texlive/texmf-dist/tex/latex/amscls/amsthm.sty
Package: amsthm 2020/05/29 v2.20.6
\thm@style=\toks40
\thm@bodyfont=\toks41
\thm@headfont=\toks42
\thm@notefont=\toks43
\thm@headpunct=\toks44
\thm@preskip=\skip62
\thm@postskip=\skip63
\thm@headsep=\skip64
\dth@everypar=\toks45
)
\c@theorem=\count335
)
(/usr/share/texlive/texmf-dist/tex/latex/beamer/beamerbasethemes.sty))
(/usr/share/texlive/texmf-dist/tex/latex/beamer/beamerthemedefault.sty
(/usr/share/texlive/texmf-dist/tex/latex/beamer/beamerfontthemedefault.sty)
(/usr/share/texlive/texmf-dist/tex/latex/beamer/beamercolorthemedefault.sty)
(/usr/share/texlive/texmf-dist/tex/latex/beamer/beamerinnerthemedefault.sty
\beamer@dima=\dimen292
\beamer@dimb=\dimen293
)
(/usr/share/texlive/texmf-dist/tex/latex/beamer/beamerouterthemedefault.sty)))
(/usr/share/texlive/texmf-dist/tex/latex/beamer/beamerthemeMadrid.sty
(/usr/share/texlive/texmf-dist/tex/latex/beamer/beamercolorthemewhale.sty)
(/usr/share/texlive/texmf-dist/tex/latex/beamer/beamercolorthemeorchid.sty)
(/usr/share/texlive/texmf-dist/tex/latex/beamer/beamerinnerthemerounded.sty)
(/usr/share/texlive/texmf-dist/tex/latex/beamer/beamerouterthemeinfolines.sty))
(/usr/share/texlive/texmf-dist/tex/latex/base/inputenc.sty
Package: inputenc 2021/02/14 v1.3d Input encoding file
\inpenc@prehook=\toks46
\inpenc@posthook=\toks47
)
(/usr/share/texlive/texmf-dist/tex/latex/base/fontenc.sty
Package: fontenc 2021/04/29 v2.0v Standard LaTeX package
)
(/usr/share/texlive/texmf-dist/tex/latex/booktabs/booktabs.sty
Package: booktabs 2020/01/12 v1.61803398 Publication quality tables
\heavyrulewidth=\dimen294
\lightrulewidth=\dimen295
\cmidrulewidth=\dimen296
\belowrulesep=\dimen297
\belowbottomsep=\dimen298
\aboverulesep=\dimen299
\abovetopsep=\dimen300
\cmidrulesep=\dimen301
\cmidrulekern=\dimen302
\defaultaddspace=\dimen303
\@cmidla=\count336
\@cmidlb=\count337
\@aboverulesep=\dimen304
\@belowrulesep=\dimen305
\@thisruleclass=\count338
\@lastruleclass=\count339
\@thisrulewidth=\dimen306
)
(/usr/share/texlive/texmf-dist/tex/latex/tools/array.sty
Package: array 2023/10/16 v2.5g Tabular extension package (FMi)
\col@sep=\dimen307
\ar@mcellbox=\box76
\extrarowheight=\dimen308
\NC@list=\toks48
\extratabsurround=\skip65
\backup@length=\skip66
\ar@cellbox=\box77
)
Package hyperref Info: Option `colorlinks' set `true' on input line 36.

(/usr/share/texlive/texmf-dist/tex/latex/l3backend/l3backend-pdftex.def
File: l3backend-pdftex.def 2024-01-04 L3 backend support: PDF output (pdfTeX)
\l__color_backend_stack_int=\count340
\l__pdf_internal_box=\box78
)
(./qb_v2.aux)
\openout1 = `qb_v2.aux'.

LaTeX Font Info:    Checking defaults for OML/cmm/m/it on input line 80.
LaTeX Font Info:    ... okay on input line 80.
LaTeX Font Info:    Checking defaults for OMS/cmsy/m/n on input line 80.
LaTeX Font Info:    ... okay on input line 80.
LaTeX Font Info:    Checking defaults for OT1/cmr/m/n on input line 80.
LaTeX Font Info:    ... okay on input line 80.
LaTeX Font Info:    Checking defaults for T1/cmr/m/n on input line 80.
LaTeX Font Info:    ... okay on input line 80.
LaTeX Font Info:    Checking defaults for TS1/cmr/m/n on input line 80.
LaTeX Font Info:    ... okay on input line 80.
LaTeX Font Info:    Checking defaults for OMX/cmex/m/n on input line 80.
LaTeX Font Info:    ... okay on input line 80.
LaTeX Font Info:    Checking defaults for U/cmr/m/n on input line 80.
LaTeX Font Info:    ... okay on input line 80.
LaTeX Font Info:    Checking defaults for PD1/pdf/m/n on input line 80.
LaTeX Font Info:    ... okay on input line 80.
LaTeX Font Info:    Checking defaults for PU/pdf/m/n on input line 80.
LaTeX Font Info:    ... okay on input line 80.

*geometry* driver: auto-detecting
*geometry* detected driver: pdftex
*geometry* verbose mode - [ preamble ] result:
* driver: pdftex
* paper: custom
* layout: <same size as paper>
* layoutoffset:(h,v)=(0.0pt,0.0pt)
* modes: includehead includefoot 
* h-part:(L,W,R)=(10.00002pt, 435.24405pt, 10.00002pt)
* v-part:(T,H,B)=(0.0pt, 256.0748pt, 0.0pt)
* \paperwidth=455.24408pt
* \paperheight=256.0748pt
* \textwidth=435.24405pt
* \textheight=227.62207pt
* \oddsidemargin=-62.26997pt
* \evensidemargin=-62.26997pt
* \topmargin=-72.26999pt
* \headheight=14.22636pt
* \headsep=0.0pt
* \topskip=10.0pt
* \footskip=14.22636pt
* \marginparwidth=3.0pt
* \marginparsep=11.0pt
* \columnsep=10.0pt
* \skip\footins=9.0pt plus 4.0pt minus 2.0pt
* \hoffset=0.0pt
* \voffset=0.0pt
* \mag=1000
* \@twocolumnfalse
* \@twosidefalse
* \@mparswitchfalse
* \@reversemarginfalse
* (1in=72.27pt=25.4mm, 1cm=28.453pt)

(/usr/share/texlive/texmf-dist/tex/context/base/mkii/supp-pdf.mkii
[Loading MPS to PDF converter (version 2006.09.02).]
\scratchcounter=\count341
\scratchdimen=\dimen309
\scratchbox=\box79
\nofMPsegments=\count342
\nofMParguments=\count343
\everyMPshowfont=\toks49
\MPscratchCnt=\count344
\MPscratchDim=\dimen310
\MPnumerator=\count345
\makeMPintoPDFobject=\count346
\everyMPtoPDFconversion=\toks50
) (/usr/share/texlive/texmf-dist/tex/latex/epstopdf-pkg/epstopdf-base.sty
Package: epstopdf-base 2020-01-24 v2.11 Base part for package epstopdf
Package epstopdf-base Info: Redefining graphics rule for `.eps' on input line 4
85.

(/usr/share/texlive/texmf-dist/tex/latex/latexconfig/epstopdf-sys.cfg
File: epstopdf-sys.cfg 2010/07/13 v1.3 Configuration of (r)epstopdf for TeX Liv
e
))
Package hyperref Info: Link coloring ON on input line 80.

(./qb_v2.out) (./qb_v2.out)
\@outlinefile=\write5
\openout5 = `qb_v2.out'.

LaTeX Font Info:    Overwriting symbol font `operators' in version `normal'
(Font)                  OT1/cmr/m/n --> OT1/cmss/m/n on input line 80.
LaTeX Font Info:    Overwriting symbol font `operators' in version `bold'
(Font)                  OT1/cmr/bx/n --> OT1/cmss/b/n on input line 80.
\symnumbers=\mathgroup6
\sympureletters=\mathgroup7
LaTeX Font Info:    Overwriting math alphabet `\mathrm' in version `normal'
(Font)                  OT1/cmss/m/n --> T1/cmr/m/n on input line 80.
LaTeX Font Info:    Redeclaring math alphabet \mathbf on input line 80.
LaTeX Font Info:    Overwriting math alphabet `\mathbf' in version `normal'
(Font)                  OT1/cmr/bx/n --> T1/cmss/b/n on input line 80.
LaTeX Font Info:    Overwriting math alphabet `\mathbf' in version `bold'
(Font)                  OT1/cmr/bx/n --> T1/cmss/b/n on input line 80.
LaTeX Font Info:    Redeclaring math alphabet \mathsf on input line 80.
LaTeX Font Info:    Overwriting math alphabet `\mathsf' in version `normal'
(Font)                  OT1/cmss/m/n --> T1/cmss/m/n on input line 80.
LaTeX Font Info:    Overwriting math alphabet `\mathsf' in version `bold'
(Font)                  OT1/cmss/bx/n --> T1/cmss/m/n on input line 80.
LaTeX Font Info:    Redeclaring math alphabet \mathit on input line 80.
LaTeX Font Info:    Overwriting math alphabet `\mathit' in version `normal'
(Font)                  OT1/cmr/m/it --> T1/cmss/m/it on input line 80.
LaTeX Font Info:    Overwriting math alphabet `\mathit' in version `bold'
(Font)                  OT1/cmr/bx/it --> T1/cmss/m/it on input line 80.
LaTeX Font Info:    Redeclaring math alphabet \mathtt on input line 80.
LaTeX Font Info:    Overwriting math alphabet `\mathtt' in version `normal'
(Font)                  OT1/cmtt/m/n --> T1/cmtt/m/n on input line 80.
LaTeX Font Info:    Overwriting math alphabet `\mathtt' in version `bold'
(Font)                  OT1/cmtt/m/n --> T1/cmtt/m/n on input line 80.
LaTeX Font Info:    Overwriting symbol font `numbers' in version `bold'
(Font)                  T1/cmss/m/n --> T1/cmss/b/n on input line 80.
LaTeX Font Info:    Overwriting symbol font `pureletters' in version `bold'
(Font)                  T1/cmss/m/it --> T1/cmss/b/it on input line 80.
LaTeX Font Info:    Overwriting math alphabet `\mathrm' in version `bold'
(Font)                  OT1/cmss/b/n --> T1/cmr/b/n on input line 80.
LaTeX Font Info:    Overwriting math alphabet `\mathbf' in version `bold'
(Font)                  T1/cmss/b/n --> T1/cmss/b/n on input line 80.
LaTeX Font Info:    Overwriting math alphabet `\mathsf' in version `bold'
(Font)                  T1/cmss/m/n --> T1/cmss/b/n on input line 80.
LaTeX Font Info:    Overwriting math alphabet `\mathit' in version `bold'
(Font)                  T1/cmss/m/it --> T1/cmss/b/it on input line 80.
LaTeX Font Info:    Overwriting math alphabet `\mathtt' in version `bold'
(Font)                  T1/cmtt/m/n --> T1/cmtt/b/n on input line 80.
LaTeX Font Info:    Redeclaring symbol font `pureletters' on input line 80.
LaTeX Font Info:    Encoding `T1' has changed to `OT1' for symbol font
(Font)              `pureletters' in the math version `normal' on input line 80
.
LaTeX Font Info:    Overwriting symbol font `pureletters' in version `normal'
(Font)                  T1/cmss/m/it --> OT1/mathkerncmss/m/sl on input line 80
.
LaTeX Font Info:    Encoding `T1' has changed to `OT1' for symbol font
(Font)              `pureletters' in the math version `bold' on input line 80.
LaTeX Font Info:    Overwriting symbol font `pureletters' in version `bold'
(Font)                  T1/cmss/b/it --> OT1/mathkerncmss/m/sl on input line 80
.
LaTeX Font Info:    Overwriting symbol font `pureletters' in version `bold'
(Font)                  OT1/mathkerncmss/m/sl --> OT1/mathkerncmss/bx/sl on inp
ut line 80.

(/usr/share/texlive/texmf-dist/tex/latex/translator/translator-basic-dictionary
-English.dict
Dictionary: translator-basic-dictionary, Language: English 
)
(/usr/share/texlive/texmf-dist/tex/latex/translator/translator-bibliography-dic
tionary-English.dict
Dictionary: translator-bibliography-dictionary, Language: English 
)
(/usr/share/texlive/texmf-dist/tex/latex/translator/translator-environment-dict
ionary-English.dict
Dictionary: translator-environment-dictionary, Language: English 
)
(/usr/share/texlive/texmf-dist/tex/latex/translator/translator-months-dictionar
y-English.dict
Dictionary: translator-months-dictionary, Language: English 
)
(/usr/share/texlive/texmf-dist/tex/latex/translator/translator-numbers-dictiona
ry-English.dict
Dictionary: translator-numbers-dictionary, Language: English 
)
(/usr/share/texlive/texmf-dist/tex/latex/translator/translator-theorem-dictiona
ry-English.dict
Dictionary: translator-theorem-dictionary, Language: English 
) (./qb_v2.nav) [1

{/var/lib/texmf/fonts/map/pdftex/updmap/pdftex.map}{/usr/share/texmf/fonts/enc/
dvips/cm-super/cm-super-t1.enc}] (./qb_v2.toc) [2

]
! Missing number, treated as zero.
<to be read again> 
                   \c@* 
l.99 	\end{frame}
                 
A number should have been here; I inserted `0'.
(If you can't figure out why I needed to see a number,
look up `weird error' in the index to The TeXbook.)

! Missing number, treated as zero.
<to be read again> 
                   \c@* 
l.99 	\end{frame}
                 
A number should have been here; I inserted `0'.
(If you can't figure out why I needed to see a number,
look up `weird error' in the index to The TeXbook.)

! Missing number, treated as zero.
<to be read again> 
                   \c@* 
l.99 	\end{frame}
                 
A number should have been here; I inserted `0'.
(If you can't figure out why I needed to see a number,
look up `weird error' in the index to The TeXbook.)

! Missing number, treated as zero.
<to be read again> 
                   \c@* 
l.99 	\end{frame}
                 
A number should have been here; I inserted `0'.
(If you can't figure out why I needed to see a number,
look up `weird error' in the index to The TeXbook.)

[3

] [4

]
! Missing number, treated as zero.
<to be read again> 
                   \c@* 
l.121 	\end{frame}
                  
A number should have been here; I inserted `0'.
(If you can't figure out why I needed to see a number,
look up `weird error' in the index to The TeXbook.)

! Missing number, treated as zero.
<to be read again> 
                   \c@* 
l.121 	\end{frame}
                  
A number should have been here; I inserted `0'.
(If you can't figure out why I needed to see a number,
look up `weird error' in the index to The TeXbook.)

! Missing number, treated as zero.
<to be read again> 
                   \c@* 
l.121 	\end{frame}
                  
A number should have been here; I inserted `0'.
(If you can't figure out why I needed to see a number,
look up `weird error' in the index to The TeXbook.)

! Missing number, treated as zero.
<to be read again> 
                   \c@* 
l.121 	\end{frame}
                  
A number should have been here; I inserted `0'.
(If you can't figure out why I needed to see a number,
look up `weird error' in the index to The TeXbook.)

[5

]
Overfull \vbox (18.23499pt too high) detected at line 143
 []

[6

]
! Missing number, treated as zero.
<to be read again> 
                   \c@* 
l.150 	\end{frame}
                  
A number should have been here; I inserted `0'.
(If you can't figure out why I needed to see a number,
look up `weird error' in the index to The TeXbook.)

! Missing number, treated as zero.
<to be read again> 
                   \c@* 
l.150 	\end{frame}
                  
A number should have been here; I inserted `0'.
(If you can't figure out why I needed to see a number,
look up `weird error' in the index to The TeXbook.)

! Missing number, treated as zero.
<to be read again> 
                   \c@* 
l.150 	\end{frame}
                  
A number should have been here; I inserted `0'.
(If you can't figure out why I needed to see a number,
look up `weird error' in the index to The TeXbook.)

! Missing number, treated as zero.
<to be read again> 
                   \c@* 
l.150 	\end{frame}
                  
A number should have been here; I inserted `0'.
(If you can't figure out why I needed to see a number,
look up `weird error' in the index to The TeXbook.)

[7

]
LaTeX Font Info:    Trying to load font information for U+msa on input line 169
.
 (/usr/share/texlive/texmf-dist/tex/latex/amsfonts/umsa.fd
File: umsa.fd 2013/01/14 v3.01 AMS symbols A
)
LaTeX Font Info:    Trying to load font information for U+msb on input line 169
.

(/usr/share/texlive/texmf-dist/tex/latex/amsfonts/umsb.fd
File: umsb.fd 2013/01/14 v3.01 AMS symbols B
)
LaTeX Font Info:    Trying to load font information for OT1+mathkerncmss on inp
ut line 169.

(/usr/share/texlive/texmf-dist/tex/latex/sansmathaccent/ot1mathkerncmss.fd
File: ot1mathkerncmss.fd 2020/01/31 Fontinst v1.933 font definitions for OT1/ma
thkerncmss.
)
[8

]
! Missing number, treated as zero.
<to be read again> 
                   \c@* 
l.176 	\end{frame}
                  
A number should have been here; I inserted `0'.
(If you can't figure out why I needed to see a number,
look up `weird error' in the index to The TeXbook.)

! Missing number, treated as zero.
<to be read again> 
                   \c@* 
l.176 	\end{frame}
                  
A number should have been here; I inserted `0'.
(If you can't figure out why I needed to see a number,
look up `weird error' in the index to The TeXbook.)

! Missing number, treated as zero.
<to be read again> 
                   \c@* 
l.176 	\end{frame}
                  
A number should have been here; I inserted `0'.
(If you can't figure out why I needed to see a number,
look up `weird error' in the index to The TeXbook.)

! Missing number, treated as zero.
<to be read again> 
                   \c@* 
l.176 	\end{frame}
                  
A number should have been here; I inserted `0'.
(If you can't figure out why I needed to see a number,
look up `weird error' in the index to The TeXbook.)

[9

] [10

]
! Missing number, treated as zero.
<to be read again> 
                   \c@* 
l.204 	\end{frame}
                  
A number should have been here; I inserted `0'.
(If you can't figure out why I needed to see a number,
look up `weird error' in the index to The TeXbook.)

! Missing number, treated as zero.
<to be read again> 
                   \c@* 
l.204 	\end{frame}
                  
A number should have been here; I inserted `0'.
(If you can't figure out why I needed to see a number,
look up `weird error' in the index to The TeXbook.)

! Missing number, treated as zero.
<to be read again> 
                   \c@* 
l.204 	\end{frame}
                  
A number should have been here; I inserted `0'.
(If you can't figure out why I needed to see a number,
look up `weird error' in the index to The TeXbook.)

! Missing number, treated as zero.
<to be read again> 
                   \c@* 
l.204 	\end{frame}
                  
A number should have been here; I inserted `0'.
(If you can't figure out why I needed to see a number,
look up `weird error' in the index to The TeXbook.)

[11

] [12

]
! Missing number, treated as zero.
<to be read again> 
                   \c@* 
l.230 	\end{frame}
                  
A number should have been here; I inserted `0'.
(If you can't figure out why I needed to see a number,
look up `weird error' in the index to The TeXbook.)

! Missing number, treated as zero.
<to be read again> 
                   \c@* 
l.230 	\end{frame}
                  
A number should have been here; I inserted `0'.
(If you can't figure out why I needed to see a number,
look up `weird error' in the index to The TeXbook.)

! Missing number, treated as zero.
<to be read again> 
                   \c@* 
l.230 	\end{frame}
                  
A number should have been here; I inserted `0'.
(If you can't figure out why I needed to see a number,
look up `weird error' in the index to The TeXbook.)

! Missing number, treated as zero.
<to be read again> 
                   \c@* 
l.230 	\end{frame}
                  
A number should have been here; I inserted `0'.
(If you can't figure out why I needed to see a number,
look up `weird error' in the index to The TeXbook.)

[13

]
Overfull \vbox (2.62402pt too high) detected at line 251
 []

[14

]
! Missing number, treated as zero.
<to be read again> 
                   \c@* 
l.280 	\end{frame}
                  
A number should have been here; I inserted `0'.
(If you can't figure out why I needed to see a number,
look up `weird error' in the index to The TeXbook.)

! Missing number, treated as zero.
<to be read again> 
                   \c@* 
l.280 	\end{frame}
                  
A number should have been here; I inserted `0'.
(If you can't figure out why I needed to see a number,
look up `weird error' in the index to The TeXbook.)

! Missing number, treated as zero.
<to be read again> 
                   \c@* 
l.280 	\end{frame}
                  
A number should have been here; I inserted `0'.
(If you can't figure out why I needed to see a number,
look up `weird error' in the index to The TeXbook.)

! Missing number, treated as zero.
<to be read again> 
                   \c@* 
l.280 	\end{frame}
                  
A number should have been here; I inserted `0'.
(If you can't figure out why I needed to see a number,
look up `weird error' in the index to The TeXbook.)


Overfull \vbox (177.6405pt too high) detected at line 280
 []

[15

] [16

]
! Missing number, treated as zero.
<to be read again> 
                   \c@* 
l.310 	\end{frame}
                  
A number should have been here; I inserted `0'.
(If you can't figure out why I needed to see a number,
look up `weird error' in the index to The TeXbook.)

! Missing number, treated as zero.
<to be read again> 
                   \c@* 
l.310 	\end{frame}
                  
A number should have been here; I inserted `0'.
(If you can't figure out why I needed to see a number,
look up `weird error' in the index to The TeXbook.)

! Missing number, treated as zero.
<to be read again> 
                   \c@* 
l.310 	\end{frame}
                  
A number should have been here; I inserted `0'.
(If you can't figure out why I needed to see a number,
look up `weird error' in the index to The TeXbook.)

! Missing number, treated as zero.
<to be read again> 
                   \c@* 
l.310 	\end{frame}
                  
A number should have been here; I inserted `0'.
(If you can't figure out why I needed to see a number,
look up `weird error' in the index to The TeXbook.)

[17

] [18

]
! Missing number, treated as zero.
<to be read again> 
                   \c@* 
l.337 	\end{frame}
                  
A number should have been here; I inserted `0'.
(If you can't figure out why I needed to see a number,
look up `weird error' in the index to The TeXbook.)

! Missing number, treated as zero.
<to be read again> 
                   \c@* 
l.337 	\end{frame}
                  
A number should have been here; I inserted `0'.
(If you can't figure out why I needed to see a number,
look up `weird error' in the index to The TeXbook.)

! Missing number, treated as zero.
<to be read again> 
                   \c@* 
l.337 	\end{frame}
                  
A number should have been here; I inserted `0'.
(If you can't figure out why I needed to see a number,
look up `weird error' in the index to The TeXbook.)

! Missing number, treated as zero.
<to be read again> 
                   \c@* 
l.337 	\end{frame}
                  
A number should have been here; I inserted `0'.
(If you can't figure out why I needed to see a number,
look up `weird error' in the index to The TeXbook.)

[19

] [20

]
! Missing number, treated as zero.
<to be read again> 
                   \c@* 
l.366 	\end{frame}
                  
A number should have been here; I inserted `0'.
(If you can't figure out why I needed to see a number,
look up `weird error' in the index to The TeXbook.)

! Missing number, treated as zero.
<to be read again> 
                   \c@* 
l.366 	\end{frame}
                  
A number should have been here; I inserted `0'.
(If you can't figure out why I needed to see a number,
look up `weird error' in the index to The TeXbook.)

! Missing number, treated as zero.
<to be read again> 
                   \c@* 
l.366 	\end{frame}
                  
A number should have been here; I inserted `0'.
(If you can't figure out why I needed to see a number,
look up `weird error' in the index to The TeXbook.)

! Missing number, treated as zero.
<to be read again> 
                   \c@* 
l.366 	\end{frame}
                  
A number should have been here; I inserted `0'.
(If you can't figure out why I needed to see a number,
look up `weird error' in the index to The TeXbook.)

[21

]
Overfull \vbox (37.01778pt too high) detected at line 392
 []

[22

]
! Missing number, treated as zero.
<to be read again> 
                   \c@* 
l.403 	\end{frame}
                  
A number should have been here; I inserted `0'.
(If you can't figure out why I needed to see a number,
look up `weird error' in the index to The TeXbook.)

! Missing number, treated as zero.
<to be read again> 
                   \c@* 
l.403 	\end{frame}
                  
A number should have been here; I inserted `0'.
(If you can't figure out why I needed to see a number,
look up `weird error' in the index to The TeXbook.)

! Missing number, treated as zero.
<to be read again> 
                   \c@* 
l.403 	\end{frame}
                  
A number should have been here; I inserted `0'.
(If you can't figure out why I needed to see a number,
look up `weird error' in the index to The TeXbook.)

! Missing number, treated as zero.
<to be read again> 
                   \c@* 
l.403 	\end{frame}
                  
A number should have been here; I inserted `0'.
(If you can't figure out why I needed to see a number,
look up `weird error' in the index to The TeXbook.)

[23

] [24

]
! Missing number, treated as zero.
<to be read again> 
                   \c@* 
l.430 	\end{frame}
                  
A number should have been here; I inserted `0'.
(If you can't figure out why I needed to see a number,
look up `weird error' in the index to The TeXbook.)

! Missing number, treated as zero.
<to be read again> 
                   \c@* 
l.430 	\end{frame}
                  
A number should have been here; I inserted `0'.
(If you can't figure out why I needed to see a number,
look up `weird error' in the index to The TeXbook.)

! Missing number, treated as zero.
<to be read again> 
                   \c@* 
l.430 	\end{frame}
                  
A number should have been here; I inserted `0'.
(If you can't figure out why I needed to see a number,
look up `weird error' in the index to The TeXbook.)

! Missing number, treated as zero.
<to be read again> 
                   \c@* 
l.430 	\end{frame}
                  
A number should have been here; I inserted `0'.
(If you can't figure out why I needed to see a number,
look up `weird error' in the index to The TeXbook.)

[25

] [26

]
! Missing number, treated as zero.
<to be read again> 
                   \c@* 
l.458 	\end{frame}
                  
A number should have been here; I inserted `0'.
(If you can't figure out why I needed to see a number,
look up `weird error' in the index to The TeXbook.)

! Missing number, treated as zero.
<to be read again> 
                   \c@* 
l.458 	\end{frame}
                  
A number should have been here; I inserted `0'.
(If you can't figure out why I needed to see a number,
look up `weird error' in the index to The TeXbook.)

! Missing number, treated as zero.
<to be read again> 
                   \c@* 
l.458 	\end{frame}
                  
A number should have been here; I inserted `0'.
(If you can't figure out why I needed to see a number,
look up `weird error' in the index to The TeXbook.)

! Missing number, treated as zero.
<to be read again> 
                   \c@* 
l.458 	\end{frame}
                  
A number should have been here; I inserted `0'.
(If you can't figure out why I needed to see a number,
look up `weird error' in the index to The TeXbook.)

[27

] [28

]
! Missing number, treated as zero.
<to be read again> 
                   \c@* 
l.485 	\end{frame}
                  
A number should have been here; I inserted `0'.
(If you can't figure out why I needed to see a number,
look up `weird error' in the index to The TeXbook.)

! Missing number, treated as zero.
<to be read again> 
                   \c@* 
l.485 	\end{frame}
                  
A number should have been here; I inserted `0'.
(If you can't figure out why I needed to see a number,
look up `weird error' in the index to The TeXbook.)

! Missing number, treated as zero.
<to be read again> 
                   \c@* 
l.485 	\end{frame}
                  
A number should have been here; I inserted `0'.
(If you can't figure out why I needed to see a number,
look up `weird error' in the index to The TeXbook.)

! Missing number, treated as zero.
<to be read again> 
                   \c@* 
l.485 	\end{frame}
                  
A number should have been here; I inserted `0'.
(If you can't figure out why I needed to see a number,
look up `weird error' in the index to The TeXbook.)

[29

]
Overfull \vbox (22.01778pt too high) detected at line 510
 []

[30

]
! Missing number, treated as zero.
<to be read again> 
                   \c@* 
l.517 	\end{frame}
                  
A number should have been here; I inserted `0'.
(If you can't figure out why I needed to see a number,
look up `weird error' in the index to The TeXbook.)

! Missing number, treated as zero.
<to be read again> 
                   \c@* 
l.517 	\end{frame}
                  
A number should have been here; I inserted `0'.
(If you can't figure out why I needed to see a number,
look up `weird error' in the index to The TeXbook.)

! Missing number, treated as zero.
<to be read again> 
                   \c@* 
l.517 	\end{frame}
                  
A number should have been here; I inserted `0'.
(If you can't figure out why I needed to see a number,
look up `weird error' in the index to The TeXbook.)

! Missing number, treated as zero.
<to be read again> 
                   \c@* 
l.517 	\end{frame}
                  
A number should have been here; I inserted `0'.
(If you can't figure out why I needed to see a number,
look up `weird error' in the index to The TeXbook.)

[31

]
Overfull \vbox (7.01778pt too high) detected at line 541
 []

[32

]
! Missing number, treated as zero.
<to be read again> 
                   \c@* 
l.548 	\end{frame}
                  
A number should have been here; I inserted `0'.
(If you can't figure out why I needed to see a number,
look up `weird error' in the index to The TeXbook.)

! Missing number, treated as zero.
<to be read again> 
                   \c@* 
l.548 	\end{frame}
                  
A number should have been here; I inserted `0'.
(If you can't figure out why I needed to see a number,
look up `weird error' in the index to The TeXbook.)

! Missing number, treated as zero.
<to be read again> 
                   \c@* 
l.548 	\end{frame}
                  
A number should have been here; I inserted `0'.
(If you can't figure out why I needed to see a number,
look up `weird error' in the index to The TeXbook.)

! Missing number, treated as zero.
<to be read again> 
                   \c@* 
l.548 	\end{frame}
                  
A number should have been here; I inserted `0'.
(If you can't figure out why I needed to see a number,
look up `weird error' in the index to The TeXbook.)

[33

]
Overfull \vbox (20.2682pt too high) detected at line 573
 []

[34

]
! Missing number, treated as zero.
<to be read again> 
                   \c@* 
l.580 	\end{frame}
                  
A number should have been here; I inserted `0'.
(If you can't figure out why I needed to see a number,
look up `weird error' in the index to The TeXbook.)

! Missing number, treated as zero.
<to be read again> 
                   \c@* 
l.580 	\end{frame}
                  
A number should have been here; I inserted `0'.
(If you can't figure out why I needed to see a number,
look up `weird error' in the index to The TeXbook.)

! Missing number, treated as zero.
<to be read again> 
                   \c@* 
l.580 	\end{frame}
                  
A number should have been here; I inserted `0'.
(If you can't figure out why I needed to see a number,
look up `weird error' in the index to The TeXbook.)

! Missing number, treated as zero.
<to be read again> 
                   \c@* 
l.580 	\end{frame}
                  
A number should have been here; I inserted `0'.
(If you can't figure out why I needed to see a number,
look up `weird error' in the index to The TeXbook.)

[35

] [36

]
! Missing number, treated as zero.
<to be read again> 
                   \c@* 
l.610 	\end{frame}
                  
A number should have been here; I inserted `0'.
(If you can't figure out why I needed to see a number,
look up `weird error' in the index to The TeXbook.)

! Missing number, treated as zero.
<to be read again> 
                   \c@* 
l.610 	\end{frame}
                  
A number should have been here; I inserted `0'.
(If you can't figure out why I needed to see a number,
look up `weird error' in the index to The TeXbook.)

! Missing number, treated as zero.
<to be read again> 
                   \c@* 
l.610 	\end{frame}
                  
A number should have been here; I inserted `0'.
(If you can't figure out why I needed to see a number,
look up `weird error' in the index to The TeXbook.)

! Missing number, treated as zero.
<to be read again> 
                   \c@* 
l.610 	\end{frame}
                  
A number should have been here; I inserted `0'.
(If you can't figure out why I needed to see a number,
look up `weird error' in the index to The TeXbook.)

[37

] [38

]
! Missing number, treated as zero.
<to be read again> 
                   \c@* 
l.649 	\end{frame}
                  
A number should have been here; I inserted `0'.
(If you can't figure out why I needed to see a number,
look up `weird error' in the index to The TeXbook.)

! Missing number, treated as zero.
<to be read again> 
                   \c@* 
l.649 	\end{frame}
                  
A number should have been here; I inserted `0'.
(If you can't figure out why I needed to see a number,
look up `weird error' in the index to The TeXbook.)

! Missing number, treated as zero.
<to be read again> 
                   \c@* 
l.649 	\end{frame}
                  
A number should have been here; I inserted `0'.
(If you can't figure out why I needed to see a number,
look up `weird error' in the index to The TeXbook.)

! Missing number, treated as zero.
<to be read again> 
                   \c@* 
l.649 	\end{frame}
                  
A number should have been here; I inserted `0'.
(If you can't figure out why I needed to see a number,
look up `weird error' in the index to The TeXbook.)


Overfull \vbox (32.32462pt too high) detected at line 649
 []

[39

] [40

]
! Missing number, treated as zero.
<to be read again> 
                   \c@* 
l.673 	\end{frame}
                  
A number should have been here; I inserted `0'.
(If you can't figure out why I needed to see a number,
look up `weird error' in the index to The TeXbook.)

! Missing number, treated as zero.
<to be read again> 
                   \c@* 
l.673 	\end{frame}
                  
A number should have been here; I inserted `0'.
(If you can't figure out why I needed to see a number,
look up `weird error' in the index to The TeXbook.)

! Missing number, treated as zero.
<to be read again> 
                   \c@* 
l.673 	\end{frame}
                  
A number should have been here; I inserted `0'.
(If you can't figure out why I needed to see a number,
look up `weird error' in the index to The TeXbook.)

! Missing number, treated as zero.
<to be read again> 
                   \c@* 
l.673 	\end{frame}
                  
A number should have been here; I inserted `0'.
(If you can't figure out why I needed to see a number,
look up `weird error' in the index to The TeXbook.)

[41

]
Overfull \vbox (12.2682pt too high) detected at line 696
 []

[42

]
! Missing number, treated as zero.
<to be read again> 
                   \c@* 
l.703 	\end{frame}
                  
A number should have been here; I inserted `0'.
(If you can't figure out why I needed to see a number,
look up `weird error' in the index to The TeXbook.)

! Missing number, treated as zero.
<to be read again> 
                   \c@* 
l.703 	\end{frame}
                  
A number should have been here; I inserted `0'.
(If you can't figure out why I needed to see a number,
look up `weird error' in the index to The TeXbook.)

! Missing number, treated as zero.
<to be read again> 
                   \c@* 
l.703 	\end{frame}
                  
A number should have been here; I inserted `0'.
(If you can't figure out why I needed to see a number,
look up `weird error' in the index to The TeXbook.)

! Missing number, treated as zero.
<to be read again> 
                   \c@* 
l.703 	\end{frame}
                  
A number should have been here; I inserted `0'.
(If you can't figure out why I needed to see a number,
look up `weird error' in the index to The TeXbook.)

[43

]
LaTeX Font Info:    Trying to load font information for T1+cmtt on input line 7
29.
 (/usr/share/texlive/texmf-dist/tex/latex/base/t1cmtt.fd
File: t1cmtt.fd 2023/04/13 v2.5m Standard LaTeX font definitions
) [44

]
! Missing number, treated as zero.
<to be read again> 
                   \c@* 
l.736 	\end{frame}
                  
A number should have been here; I inserted `0'.
(If you can't figure out why I needed to see a number,
look up `weird error' in the index to The TeXbook.)

! Missing number, treated as zero.
<to be read again> 
                   \c@* 
l.736 	\end{frame}
                  
A number should have been here; I inserted `0'.
(If you can't figure out why I needed to see a number,
look up `weird error' in the index to The TeXbook.)

! Missing number, treated as zero.
<to be read again> 
                   \c@* 
l.736 	\end{frame}
                  
A number should have been here; I inserted `0'.
(If you can't figure out why I needed to see a number,
look up `weird error' in the index to The TeXbook.)

! Missing number, treated as zero.
<to be read again> 
                   \c@* 
l.736 	\end{frame}
                  
A number should have been here; I inserted `0'.
(If you can't figure out why I needed to see a number,
look up `weird error' in the index to The TeXbook.)

[45

] [46

]
! Missing number, treated as zero.
<to be read again> 
                   \c@* 
l.765 	\end{frame}
                  
A number should have been here; I inserted `0'.
(If you can't figure out why I needed to see a number,
look up `weird error' in the index to The TeXbook.)

! Missing number, treated as zero.
<to be read again> 
                   \c@* 
l.765 	\end{frame}
                  
A number should have been here; I inserted `0'.
(If you can't figure out why I needed to see a number,
look up `weird error' in the index to The TeXbook.)

! Missing number, treated as zero.
<to be read again> 
                   \c@* 
l.765 	\end{frame}
                  
A number should have been here; I inserted `0'.
(If you can't figure out why I needed to see a number,
look up `weird error' in the index to The TeXbook.)

! Missing number, treated as zero.
<to be read again> 
                   \c@* 
l.765 	\end{frame}
                  
A number should have been here; I inserted `0'.
(If you can't figure out why I needed to see a number,
look up `weird error' in the index to The TeXbook.)

[47

] [48

]
! Missing number, treated as zero.
<to be read again> 
                   \c@* 
l.791 	\end{frame}
                  
A number should have been here; I inserted `0'.
(If you can't figure out why I needed to see a number,
look up `weird error' in the index to The TeXbook.)

! Missing number, treated as zero.
<to be read again> 
                   \c@* 
l.791 	\end{frame}
                  
A number should have been here; I inserted `0'.
(If you can't figure out why I needed to see a number,
look up `weird error' in the index to The TeXbook.)

! Missing number, treated as zero.
<to be read again> 
                   \c@* 
l.791 	\end{frame}
                  
A number should have been here; I inserted `0'.
(If you can't figure out why I needed to see a number,
look up `weird error' in the index to The TeXbook.)

! Missing number, treated as zero.
<to be read again> 
                   \c@* 
l.791 	\end{frame}
                  
A number should have been here; I inserted `0'.
(If you can't figure out why I needed to see a number,
look up `weird error' in the index to The TeXbook.)

[49

] [50

]
! Missing number, treated as zero.
<to be read again> 
                   \c@* 
l.817 	\end{frame}
                  
A number should have been here; I inserted `0'.
(If you can't figure out why I needed to see a number,
look up `weird error' in the index to The TeXbook.)

! Missing number, treated as zero.
<to be read again> 
                   \c@* 
l.817 	\end{frame}
                  
A number should have been here; I inserted `0'.
(If you can't figure out why I needed to see a number,
look up `weird error' in the index to The TeXbook.)

! Missing number, treated as zero.
<to be read again> 
                   \c@* 
l.817 	\end{frame}
                  
A number should have been here; I inserted `0'.
(If you can't figure out why I needed to see a number,
look up `weird error' in the index to The TeXbook.)

! Missing number, treated as zero.
<to be read again> 
                   \c@* 
l.817 	\end{frame}
                  
A number should have been here; I inserted `0'.
(If you can't figure out why I needed to see a number,
look up `weird error' in the index to The TeXbook.)

[51

] [52

]
! Missing number, treated as zero.
<to be read again> 
                   \c@* 
l.850 	\end{frame}
                  
A number should have been here; I inserted `0'.
(If you can't figure out why I needed to see a number,
look up `weird error' in the index to The TeXbook.)

! Missing number, treated as zero.
<to be read again> 
                   \c@* 
l.850 	\end{frame}
                  
A number should have been here; I inserted `0'.
(If you can't figure out why I needed to see a number,
look up `weird error' in the index to The TeXbook.)

! Missing number, treated as zero.
<to be read again> 
                   \c@* 
l.850 	\end{frame}
                  
A number should have been here; I inserted `0'.
(If you can't figure out why I needed to see a number,
look up `weird error' in the index to The TeXbook.)

! Missing number, treated as zero.
<to be read again> 
                   \c@* 
l.850 	\end{frame}
                  
A number should have been here; I inserted `0'.
(If you can't figure out why I needed to see a number,
look up `weird error' in the index to The TeXbook.)


Overfull \vbox (68.182pt too high) detected at line 850
 []

[53

] [54

]
! Missing number, treated as zero.
<to be read again> 
                   \c@* 
l.876 	\end{frame}
                  
A number should have been here; I inserted `0'.
(If you can't figure out why I needed to see a number,
look up `weird error' in the index to The TeXbook.)

! Missing number, treated as zero.
<to be read again> 
                   \c@* 
l.876 	\end{frame}
                  
A number should have been here; I inserted `0'.
(If you can't figure out why I needed to see a number,
look up `weird error' in the index to The TeXbook.)

! Missing number, treated as zero.
<to be read again> 
                   \c@* 
l.876 	\end{frame}
                  
A number should have been here; I inserted `0'.
(If you can't figure out why I needed to see a number,
look up `weird error' in the index to The TeXbook.)

! Missing number, treated as zero.
<to be read again> 
                   \c@* 
l.876 	\end{frame}
                  
A number should have been here; I inserted `0'.
(If you can't figure out why I needed to see a number,
look up `weird error' in the index to The TeXbook.)

[55

] [56

]
! Missing number, treated as zero.
<to be read again> 
                   \c@* 
l.904 	\end{frame}
                  
A number should have been here; I inserted `0'.
(If you can't figure out why I needed to see a number,
look up `weird error' in the index to The TeXbook.)

! Missing number, treated as zero.
<to be read again> 
                   \c@* 
l.904 	\end{frame}
                  
A number should have been here; I inserted `0'.
(If you can't figure out why I needed to see a number,
look up `weird error' in the index to The TeXbook.)

! Missing number, treated as zero.
<to be read again> 
                   \c@* 
l.904 	\end{frame}
                  
A number should have been here; I inserted `0'.
(If you can't figure out why I needed to see a number,
look up `weird error' in the index to The TeXbook.)

! Missing number, treated as zero.
<to be read again> 
                   \c@* 
l.904 	\end{frame}
                  
A number should have been here; I inserted `0'.
(If you can't figure out why I needed to see a number,
look up `weird error' in the index to The TeXbook.)

[57

]
Overfull \vbox (22.01778pt too high) detected at line 929
 []

[58

]
! Missing number, treated as zero.
<to be read again> 
                   \c@* 
l.936 	\end{frame}
                  
A number should have been here; I inserted `0'.
(If you can't figure out why I needed to see a number,
look up `weird error' in the index to The TeXbook.)

! Missing number, treated as zero.
<to be read again> 
                   \c@* 
l.936 	\end{frame}
                  
A number should have been here; I inserted `0'.
(If you can't figure out why I needed to see a number,
look up `weird error' in the index to The TeXbook.)

! Missing number, treated as zero.
<to be read again> 
                   \c@* 
l.936 	\end{frame}
                  
A number should have been here; I inserted `0'.
(If you can't figure out why I needed to see a number,
look up `weird error' in the index to The TeXbook.)

! Missing number, treated as zero.
<to be read again> 
                   \c@* 
l.936 	\end{frame}
                  
A number should have been here; I inserted `0'.
(If you can't figure out why I needed to see a number,
look up `weird error' in the index to The TeXbook.)

[59

]
Overfull \vbox (22.01778pt too high) detected at line 961
 []

[60

]
! Missing number, treated as zero.
<to be read again> 
                   \c@* 
l.981 	\end{frame}
                  
A number should have been here; I inserted `0'.
(If you can't figure out why I needed to see a number,
look up `weird error' in the index to The TeXbook.)

! Missing number, treated as zero.
<to be read again> 
                   \c@* 
l.981 	\end{frame}
                  
A number should have been here; I inserted `0'.
(If you can't figure out why I needed to see a number,
look up `weird error' in the index to The TeXbook.)

! Missing number, treated as zero.
<to be read again> 
                   \c@* 
l.981 	\end{frame}
                  
A number should have been here; I inserted `0'.
(If you can't figure out why I needed to see a number,
look up `weird error' in the index to The TeXbook.)

! Missing number, treated as zero.
<to be read again> 
                   \c@* 
l.981 	\end{frame}
                  
A number should have been here; I inserted `0'.
(If you can't figure out why I needed to see a number,
look up `weird error' in the index to The TeXbook.)


Overfull \vbox (41.88744pt too high) detected at line 981
 []

[61

] [62

]
! Missing number, treated as zero.
<to be read again> 
                   \c@* 
l.1014 	\end{frame}
                   
A number should have been here; I inserted `0'.
(If you can't figure out why I needed to see a number,
look up `weird error' in the index to The TeXbook.)

! Missing number, treated as zero.
<to be read again> 
                   \c@* 
l.1014 	\end{frame}
                   
A number should have been here; I inserted `0'.
(If you can't figure out why I needed to see a number,
look up `weird error' in the index to The TeXbook.)

! Missing number, treated as zero.
<to be read again> 
                   \c@* 
l.1014 	\end{frame}
                   
A number should have been here; I inserted `0'.
(If you can't figure out why I needed to see a number,
look up `weird error' in the index to The TeXbook.)

! Missing number, treated as zero.
<to be read again> 
                   \c@* 
l.1014 	\end{frame}
                   
A number should have been here; I inserted `0'.
(If you can't figure out why I needed to see a number,
look up `weird error' in the index to The TeXbook.)

[63

] [64

]
! Missing number, treated as zero.
<to be read again> 
                   \c@* 
l.1041 	\end{frame}
                   
A number should have been here; I inserted `0'.
(If you can't figure out why I needed to see a number,
look up `weird error' in the index to The TeXbook.)

! Missing number, treated as zero.
<to be read again> 
                   \c@* 
l.1041 	\end{frame}
                   
A number should have been here; I inserted `0'.
(If you can't figure out why I needed to see a number,
look up `weird error' in the index to The TeXbook.)

! Missing number, treated as zero.
<to be read again> 
                   \c@* 
l.1041 	\end{frame}
                   
A number should have been here; I inserted `0'.
(If you can't figure out why I needed to see a number,
look up `weird error' in the index to The TeXbook.)

! Missing number, treated as zero.
<to be read again> 
                   \c@* 
l.1041 	\end{frame}
                   
A number should have been here; I inserted `0'.
(If you can't figure out why I needed to see a number,
look up `weird error' in the index to The TeXbook.)

[65

] [66

]
! Missing number, treated as zero.
<to be read again> 
                   \c@* 
l.1074 	\end{frame}
                   
A number should have been here; I inserted `0'.
(If you can't figure out why I needed to see a number,
look up `weird error' in the index to The TeXbook.)

! Missing number, treated as zero.
<to be read again> 
                   \c@* 
l.1074 	\end{frame}
                   
A number should have been here; I inserted `0'.
(If you can't figure out why I needed to see a number,
look up `weird error' in the index to The TeXbook.)

! Missing number, treated as zero.
<to be read again> 
                   \c@* 
l.1074 	\end{frame}
                   
A number should have been here; I inserted `0'.
(If you can't figure out why I needed to see a number,
look up `weird error' in the index to The TeXbook.)

! Missing number, treated as zero.
<to be read again> 
                   \c@* 
l.1074 	\end{frame}
                   
A number should have been here; I inserted `0'.
(If you can't figure out why I needed to see a number,
look up `weird error' in the index to The TeXbook.)

[67

] [68

]
! Missing number, treated as zero.
<to be read again> 
                   \c@* 
l.1103 	\end{frame}
                   
A number should have been here; I inserted `0'.
(If you can't figure out why I needed to see a number,
look up `weird error' in the index to The TeXbook.)

! Missing number, treated as zero.
<to be read again> 
                   \c@* 
l.1103 	\end{frame}
                   
A number should have been here; I inserted `0'.
(If you can't figure out why I needed to see a number,
look up `weird error' in the index to The TeXbook.)

! Missing number, treated as zero.
<to be read again> 
                   \c@* 
l.1103 	\end{frame}
                   
A number should have been here; I inserted `0'.
(If you can't figure out why I needed to see a number,
look up `weird error' in the index to The TeXbook.)

! Missing number, treated as zero.
<to be read again> 
                   \c@* 
l.1103 	\end{frame}
                   
A number should have been here; I inserted `0'.
(If you can't figure out why I needed to see a number,
look up `weird error' in the index to The TeXbook.)

[69

]
Overfull \vbox (5.2682pt too high) detected at line 1127
 []

[70

]
! Missing number, treated as zero.
<to be read again> 
                   \c@* 
l.1134 	\end{frame}
                   
A number should have been here; I inserted `0'.
(If you can't figure out why I needed to see a number,
look up `weird error' in the index to The TeXbook.)

! Missing number, treated as zero.
<to be read again> 
                   \c@* 
l.1134 	\end{frame}
                   
A number should have been here; I inserted `0'.
(If you can't figure out why I needed to see a number,
look up `weird error' in the index to The TeXbook.)

! Missing number, treated as zero.
<to be read again> 
                   \c@* 
l.1134 	\end{frame}
                   
A number should have been here; I inserted `0'.
(If you can't figure out why I needed to see a number,
look up `weird error' in the index to The TeXbook.)

! Missing number, treated as zero.
<to be read again> 
                   \c@* 
l.1134 	\end{frame}
                   
A number should have been here; I inserted `0'.
(If you can't figure out why I needed to see a number,
look up `weird error' in the index to The TeXbook.)

[71

]
Overfull \vbox (34.86823pt too high) detected at line 1159
 []

[72

]
! Missing number, treated as zero.
<to be read again> 
                   \c@* 
l.1166 	\end{frame}
                   
A number should have been here; I inserted `0'.
(If you can't figure out why I needed to see a number,
look up `weird error' in the index to The TeXbook.)

! Missing number, treated as zero.
<to be read again> 
                   \c@* 
l.1166 	\end{frame}
                   
A number should have been here; I inserted `0'.
(If you can't figure out why I needed to see a number,
look up `weird error' in the index to The TeXbook.)

! Missing number, treated as zero.
<to be read again> 
                   \c@* 
l.1166 	\end{frame}
                   
A number should have been here; I inserted `0'.
(If you can't figure out why I needed to see a number,
look up `weird error' in the index to The TeXbook.)

! Missing number, treated as zero.
<to be read again> 
                   \c@* 
l.1166 	\end{frame}
                   
A number should have been here; I inserted `0'.
(If you can't figure out why I needed to see a number,
look up `weird error' in the index to The TeXbook.)

[73

] [74

]
! Missing number, treated as zero.
<to be read again> 
                   \c@* 
l.1192 	\end{frame}
                   
A number should have been here; I inserted `0'.
(If you can't figure out why I needed to see a number,
look up `weird error' in the index to The TeXbook.)

! Missing number, treated as zero.
<to be read again> 
                   \c@* 
l.1192 	\end{frame}
                   
A number should have been here; I inserted `0'.
(If you can't figure out why I needed to see a number,
look up `weird error' in the index to The TeXbook.)

! Missing number, treated as zero.
<to be read again> 
                   \c@* 
l.1192 	\end{frame}
                   
A number should have been here; I inserted `0'.
(If you can't figure out why I needed to see a number,
look up `weird error' in the index to The TeXbook.)

! Missing number, treated as zero.
<to be read again> 
                   \c@* 
l.1192 	\end{frame}
                   
A number should have been here; I inserted `0'.
(If you can't figure out why I needed to see a number,
look up `weird error' in the index to The TeXbook.)

[75

] [76

]
! Missing number, treated as zero.
<to be read again> 
                   \c@* 
l.1221 	\end{frame}
                   
A number should have been here; I inserted `0'.
(If you can't figure out why I needed to see a number,
look up `weird error' in the index to The TeXbook.)

! Missing number, treated as zero.
<to be read again> 
                   \c@* 
l.1221 	\end{frame}
                   
A number should have been here; I inserted `0'.
(If you can't figure out why I needed to see a number,
look up `weird error' in the index to The TeXbook.)

! Missing number, treated as zero.
<to be read again> 
                   \c@* 
l.1221 	\end{frame}
                   
A number should have been here; I inserted `0'.
(If you can't figure out why I needed to see a number,
look up `weird error' in the index to The TeXbook.)

! Missing number, treated as zero.
<to be read again> 
                   \c@* 
l.1221 	\end{frame}
                   
A number should have been here; I inserted `0'.
(If you can't figure out why I needed to see a number,
look up `weird error' in the index to The TeXbook.)

[77

] [78

]
! Missing number, treated as zero.
<to be read again> 
                   \c@* 
l.1253 	\end{frame}
                   
A number should have been here; I inserted `0'.
(If you can't figure out why I needed to see a number,
look up `weird error' in the index to The TeXbook.)

! Missing number, treated as zero.
<to be read again> 
                   \c@* 
l.1253 	\end{frame}
                   
A number should have been here; I inserted `0'.
(If you can't figure out why I needed to see a number,
look up `weird error' in the index to The TeXbook.)

! Missing number, treated as zero.
<to be read again> 
                   \c@* 
l.1253 	\end{frame}
                   
A number should have been here; I inserted `0'.
(If you can't figure out why I needed to see a number,
look up `weird error' in the index to The TeXbook.)

! Missing number, treated as zero.
<to be read again> 
                   \c@* 
l.1253 	\end{frame}
                   
A number should have been here; I inserted `0'.
(If you can't figure out why I needed to see a number,
look up `weird error' in the index to The TeXbook.)

[79

] [80

]
! Missing number, treated as zero.
<to be read again> 
                   \c@* 
l.1279 	\end{frame}
                   
A number should have been here; I inserted `0'.
(If you can't figure out why I needed to see a number,
look up `weird error' in the index to The TeXbook.)

! Missing number, treated as zero.
<to be read again> 
                   \c@* 
l.1279 	\end{frame}
                   
A number should have been here; I inserted `0'.
(If you can't figure out why I needed to see a number,
look up `weird error' in the index to The TeXbook.)

! Missing number, treated as zero.
<to be read again> 
                   \c@* 
l.1279 	\end{frame}
                   
A number should have been here; I inserted `0'.
(If you can't figure out why I needed to see a number,
look up `weird error' in the index to The TeXbook.)

! Missing number, treated as zero.
<to be read again> 
                   \c@* 
l.1279 	\end{frame}
                   
A number should have been here; I inserted `0'.
(If you can't figure out why I needed to see a number,
look up `weird error' in the index to The TeXbook.)

[81

] [82

]
! Missing number, treated as zero.
<to be read again> 
                   \c@* 
l.1310 	\end{frame}
                   
A number should have been here; I inserted `0'.
(If you can't figure out why I needed to see a number,
look up `weird error' in the index to The TeXbook.)

! Missing number, treated as zero.
<to be read again> 
                   \c@* 
l.1310 	\end{frame}
                   
A number should have been here; I inserted `0'.
(If you can't figure out why I needed to see a number,
look up `weird error' in the index to The TeXbook.)

! Missing number, treated as zero.
<to be read again> 
                   \c@* 
l.1310 	\end{frame}
                   
A number should have been here; I inserted `0'.
(If you can't figure out why I needed to see a number,
look up `weird error' in the index to The TeXbook.)

! Missing number, treated as zero.
<to be read again> 
                   \c@* 
l.1310 	\end{frame}
                   
A number should have been here; I inserted `0'.
(If you can't figure out why I needed to see a number,
look up `weird error' in the index to The TeXbook.)

[83

] [84

]
! Missing number, treated as zero.
<to be read again> 
                   \c@* 
l.1339 	\end{frame}
                   
A number should have been here; I inserted `0'.
(If you can't figure out why I needed to see a number,
look up `weird error' in the index to The TeXbook.)

! Missing number, treated as zero.
<to be read again> 
                   \c@* 
l.1339 	\end{frame}
                   
A number should have been here; I inserted `0'.
(If you can't figure out why I needed to see a number,
look up `weird error' in the index to The TeXbook.)

! Missing number, treated as zero.
<to be read again> 
                   \c@* 
l.1339 	\end{frame}
                   
A number should have been here; I inserted `0'.
(If you can't figure out why I needed to see a number,
look up `weird error' in the index to The TeXbook.)

! Missing number, treated as zero.
<to be read again> 
                   \c@* 
l.1339 	\end{frame}
                   
A number should have been here; I inserted `0'.
(If you can't figure out why I needed to see a number,
look up `weird error' in the index to The TeXbook.)

[85

] [86

]
! Missing number, treated as zero.
<to be read again> 
                   \c@* 
l.1361 	\end{frame}
                   
A number should have been here; I inserted `0'.
(If you can't figure out why I needed to see a number,
look up `weird error' in the index to The TeXbook.)

! Missing number, treated as zero.
<to be read again> 
                   \c@* 
l.1361 	\end{frame}
                   
A number should have been here; I inserted `0'.
(If you can't figure out why I needed to see a number,
look up `weird error' in the index to The TeXbook.)

! Missing number, treated as zero.
<to be read again> 
                   \c@* 
l.1361 	\end{frame}
                   
A number should have been here; I inserted `0'.
(If you can't figure out why I needed to see a number,
look up `weird error' in the index to The TeXbook.)

! Missing number, treated as zero.
<to be read again> 
                   \c@* 
l.1361 	\end{frame}
                   
A number should have been here; I inserted `0'.
(If you can't figure out why I needed to see a number,
look up `weird error' in the index to The TeXbook.)

[87

] [88

]
! Missing number, treated as zero.
<to be read again> 
                   \c@* 
l.1387 	\end{frame}
                   
A number should have been here; I inserted `0'.
(If you can't figure out why I needed to see a number,
look up `weird error' in the index to The TeXbook.)

! Missing number, treated as zero.
<to be read again> 
                   \c@* 
l.1387 	\end{frame}
                   
A number should have been here; I inserted `0'.
(If you can't figure out why I needed to see a number,
look up `weird error' in the index to The TeXbook.)

! Missing number, treated as zero.
<to be read again> 
                   \c@* 
l.1387 	\end{frame}
                   
A number should have been here; I inserted `0'.
(If you can't figure out why I needed to see a number,
look up `weird error' in the index to The TeXbook.)

! Missing number, treated as zero.
<to be read again> 
                   \c@* 
l.1387 	\end{frame}
                   
A number should have been here; I inserted `0'.
(If you can't figure out why I needed to see a number,
look up `weird error' in the index to The TeXbook.)

[89

] [90

]
! Missing number, treated as zero.
<to be read again> 
                   \c@* 
l.1408 	\end{frame}
                   
A number should have been here; I inserted `0'.
(If you can't figure out why I needed to see a number,
look up `weird error' in the index to The TeXbook.)

! Missing number, treated as zero.
<to be read again> 
                   \c@* 
l.1408 	\end{frame}
                   
A number should have been here; I inserted `0'.
(If you can't figure out why I needed to see a number,
look up `weird error' in the index to The TeXbook.)

! Missing number, treated as zero.
<to be read again> 
                   \c@* 
l.1408 	\end{frame}
                   
A number should have been here; I inserted `0'.
(If you can't figure out why I needed to see a number,
look up `weird error' in the index to The TeXbook.)

! Missing number, treated as zero.
<to be read again> 
                   \c@* 
l.1408 	\end{frame}
                   
A number should have been here; I inserted `0'.
(If you can't figure out why I needed to see a number,
look up `weird error' in the index to The TeXbook.)

[91

] [92

]
! Missing number, treated as zero.
<to be read again> 
                   \c@* 
l.1434 	\end{frame}
                   
A number should have been here; I inserted `0'.
(If you can't figure out why I needed to see a number,
look up `weird error' in the index to The TeXbook.)

! Missing number, treated as zero.
<to be read again> 
                   \c@* 
l.1434 	\end{frame}
                   
A number should have been here; I inserted `0'.
(If you can't figure out why I needed to see a number,
look up `weird error' in the index to The TeXbook.)

! Missing number, treated as zero.
<to be read again> 
                   \c@* 
l.1434 	\end{frame}
                   
A number should have been here; I inserted `0'.
(If you can't figure out why I needed to see a number,
look up `weird error' in the index to The TeXbook.)

! Missing number, treated as zero.
<to be read again> 
                   \c@* 
l.1434 	\end{frame}
                   
A number should have been here; I inserted `0'.
(If you can't figure out why I needed to see a number,
look up `weird error' in the index to The TeXbook.)

[93

] [94

]
! Missing number, treated as zero.
<to be read again> 
                   \c@* 
l.1460 	\end{frame}
                   
A number should have been here; I inserted `0'.
(If you can't figure out why I needed to see a number,
look up `weird error' in the index to The TeXbook.)

! Missing number, treated as zero.
<to be read again> 
                   \c@* 
l.1460 	\end{frame}
                   
A number should have been here; I inserted `0'.
(If you can't figure out why I needed to see a number,
look up `weird error' in the index to The TeXbook.)

! Missing number, treated as zero.
<to be read again> 
                   \c@* 
l.1460 	\end{frame}
                   
A number should have been here; I inserted `0'.
(If you can't figure out why I needed to see a number,
look up `weird error' in the index to The TeXbook.)

! Missing number, treated as zero.
<to be read again> 
                   \c@* 
l.1460 	\end{frame}
                   
A number should have been here; I inserted `0'.
(If you can't figure out why I needed to see a number,
look up `weird error' in the index to The TeXbook.)

[95

]
Overfull \vbox (7.01778pt too high) detected at line 1484
 []

[96

]
! Missing number, treated as zero.
<to be read again> 
                   \c@* 
l.1491 	\end{frame}
                   
A number should have been here; I inserted `0'.
(If you can't figure out why I needed to see a number,
look up `weird error' in the index to The TeXbook.)

! Missing number, treated as zero.
<to be read again> 
                   \c@* 
l.1491 	\end{frame}
                   
A number should have been here; I inserted `0'.
(If you can't figure out why I needed to see a number,
look up `weird error' in the index to The TeXbook.)

! Missing number, treated as zero.
<to be read again> 
                   \c@* 
l.1491 	\end{frame}
                   
A number should have been here; I inserted `0'.
(If you can't figure out why I needed to see a number,
look up `weird error' in the index to The TeXbook.)

! Missing number, treated as zero.
<to be read again> 
                   \c@* 
l.1491 	\end{frame}
                   
A number should have been here; I inserted `0'.
(If you can't figure out why I needed to see a number,
look up `weird error' in the index to The TeXbook.)

[97

] [98

]
! Missing number, treated as zero.
<to be read again> 
                   \c@* 
l.1521 	\end{frame}
                   
A number should have been here; I inserted `0'.
(If you can't figure out why I needed to see a number,
look up `weird error' in the index to The TeXbook.)

! Missing number, treated as zero.
<to be read again> 
                   \c@* 
l.1521 	\end{frame}
                   
A number should have been here; I inserted `0'.
(If you can't figure out why I needed to see a number,
look up `weird error' in the index to The TeXbook.)

! Missing number, treated as zero.
<to be read again> 
                   \c@* 
l.1521 	\end{frame}
                   
A number should have been here; I inserted `0'.
(If you can't figure out why I needed to see a number,
look up `weird error' in the index to The TeXbook.)

! Missing number, treated as zero.
<to be read again> 
                   \c@* 
l.1521 	\end{frame}
                   
A number should have been here; I inserted `0'.
(If you can't figure out why I needed to see a number,
look up `weird error' in the index to The TeXbook.)

[99

]
Overfull \vbox (22.51765pt too high) detected at line 1546
 []

[100

]
! Missing number, treated as zero.
<to be read again> 
                   \c@* 
l.1553 	\end{frame}
                   
A number should have been here; I inserted `0'.
(If you can't figure out why I needed to see a number,
look up `weird error' in the index to The TeXbook.)

! Missing number, treated as zero.
<to be read again> 
                   \c@* 
l.1553 	\end{frame}
                   
A number should have been here; I inserted `0'.
(If you can't figure out why I needed to see a number,
look up `weird error' in the index to The TeXbook.)

! Missing number, treated as zero.
<to be read again> 
                   \c@* 
l.1553 	\end{frame}
                   
A number should have been here; I inserted `0'.
(If you can't figure out why I needed to see a number,
look up `weird error' in the index to The TeXbook.)

! Missing number, treated as zero.
<to be read again> 
                   \c@* 
l.1553 	\end{frame}
                   
A number should have been here; I inserted `0'.
(If you can't figure out why I needed to see a number,
look up `weird error' in the index to The TeXbook.)

[101

] [102

]
! Missing number, treated as zero.
<to be read again> 
                   \c@* 
l.1585 	\end{frame}
                   
A number should have been here; I inserted `0'.
(If you can't figure out why I needed to see a number,
look up `weird error' in the index to The TeXbook.)

! Missing number, treated as zero.
<to be read again> 
                   \c@* 
l.1585 	\end{frame}
                   
A number should have been here; I inserted `0'.
(If you can't figure out why I needed to see a number,
look up `weird error' in the index to The TeXbook.)

! Missing number, treated as zero.
<to be read again> 
                   \c@* 
l.1585 	\end{frame}
                   
A number should have been here; I inserted `0'.
(If you can't figure out why I needed to see a number,
look up `weird error' in the index to The TeXbook.)

! Missing number, treated as zero.
<to be read again> 
                   \c@* 
l.1585 	\end{frame}
                   
A number should have been here; I inserted `0'.
(If you can't figure out why I needed to see a number,
look up `weird error' in the index to The TeXbook.)

[103

] [104

]
! Missing number, treated as zero.
<to be read again> 
                   \c@* 
l.1615 	\end{frame}
                   
A number should have been here; I inserted `0'.
(If you can't figure out why I needed to see a number,
look up `weird error' in the index to The TeXbook.)

! Missing number, treated as zero.
<to be read again> 
                   \c@* 
l.1615 	\end{frame}
                   
A number should have been here; I inserted `0'.
(If you can't figure out why I needed to see a number,
look up `weird error' in the index to The TeXbook.)

! Missing number, treated as zero.
<to be read again> 
                   \c@* 
l.1615 	\end{frame}
                   
A number should have been here; I inserted `0'.
(If you can't figure out why I needed to see a number,
look up `weird error' in the index to The TeXbook.)

! Missing number, treated as zero.
<to be read again> 
                   \c@* 
l.1615 	\end{frame}
                   
A number should have been here; I inserted `0'.
(If you can't figure out why I needed to see a number,
look up `weird error' in the index to The TeXbook.)

[105

] [106

]
! Missing number, treated as zero.
<to be read again> 
                   \c@* 
l.1642 	\end{frame}
                   
A number should have been here; I inserted `0'.
(If you can't figure out why I needed to see a number,
look up `weird error' in the index to The TeXbook.)

! Missing number, treated as zero.
<to be read again> 
                   \c@* 
l.1642 	\end{frame}
                   
A number should have been here; I inserted `0'.
(If you can't figure out why I needed to see a number,
look up `weird error' in the index to The TeXbook.)

! Missing number, treated as zero.
<to be read again> 
                   \c@* 
l.1642 	\end{frame}
                   
A number should have been here; I inserted `0'.
(If you can't figure out why I needed to see a number,
look up `weird error' in the index to The TeXbook.)

! Missing number, treated as zero.
<to be read again> 
                   \c@* 
l.1642 	\end{frame}
                   
A number should have been here; I inserted `0'.
(If you can't figure out why I needed to see a number,
look up `weird error' in the index to The TeXbook.)

[107

]
Overfull \vbox (22.51765pt too high) detected at line 1667
 []

[108

]
! Missing number, treated as zero.
<to be read again> 
                   \c@* 
l.1674 	\end{frame}
                   
A number should have been here; I inserted `0'.
(If you can't figure out why I needed to see a number,
look up `weird error' in the index to The TeXbook.)

! Missing number, treated as zero.
<to be read again> 
                   \c@* 
l.1674 	\end{frame}
                   
A number should have been here; I inserted `0'.
(If you can't figure out why I needed to see a number,
look up `weird error' in the index to The TeXbook.)

! Missing number, treated as zero.
<to be read again> 
                   \c@* 
l.1674 	\end{frame}
                   
A number should have been here; I inserted `0'.
(If you can't figure out why I needed to see a number,
look up `weird error' in the index to The TeXbook.)

! Missing number, treated as zero.
<to be read again> 
                   \c@* 
l.1674 	\end{frame}
                   
A number should have been here; I inserted `0'.
(If you can't figure out why I needed to see a number,
look up `weird error' in the index to The TeXbook.)

[109

] [110

]
! Missing number, treated as zero.
<to be read again> 
                   \c@* 
l.1701 	\end{frame}
                   
A number should have been here; I inserted `0'.
(If you can't figure out why I needed to see a number,
look up `weird error' in the index to The TeXbook.)

! Missing number, treated as zero.
<to be read again> 
                   \c@* 
l.1701 	\end{frame}
                   
A number should have been here; I inserted `0'.
(If you can't figure out why I needed to see a number,
look up `weird error' in the index to The TeXbook.)

! Missing number, treated as zero.
<to be read again> 
                   \c@* 
l.1701 	\end{frame}
                   
A number should have been here; I inserted `0'.
(If you can't figure out why I needed to see a number,
look up `weird error' in the index to The TeXbook.)

! Missing number, treated as zero.
<to be read again> 
                   \c@* 
l.1701 	\end{frame}
                   
A number should have been here; I inserted `0'.
(If you can't figure out why I needed to see a number,
look up `weird error' in the index to The TeXbook.)

[111

] [112

]
! Missing number, treated as zero.
<to be read again> 
                   \c@* 
l.1735 	\end{frame}
                   
A number should have been here; I inserted `0'.
(If you can't figure out why I needed to see a number,
look up `weird error' in the index to The TeXbook.)

! Missing number, treated as zero.
<to be read again> 
                   \c@* 
l.1735 	\end{frame}
                   
A number should have been here; I inserted `0'.
(If you can't figure out why I needed to see a number,
look up `weird error' in the index to The TeXbook.)

! Missing number, treated as zero.
<to be read again> 
                   \c@* 
l.1735 	\end{frame}
                   
A number should have been here; I inserted `0'.
(If you can't figure out why I needed to see a number,
look up `weird error' in the index to The TeXbook.)

! Missing number, treated as zero.
<to be read again> 
                   \c@* 
l.1735 	\end{frame}
                   
A number should have been here; I inserted `0'.
(If you can't figure out why I needed to see a number,
look up `weird error' in the index to The TeXbook.)

[113

] [114

]
! Missing number, treated as zero.
<to be read again> 
                   \c@* 
l.1765 	\end{frame}
                   
A number should have been here; I inserted `0'.
(If you can't figure out why I needed to see a number,
look up `weird error' in the index to The TeXbook.)

! Missing number, treated as zero.
<to be read again> 
                   \c@* 
l.1765 	\end{frame}
                   
A number should have been here; I inserted `0'.
(If you can't figure out why I needed to see a number,
look up `weird error' in the index to The TeXbook.)

! Missing number, treated as zero.
<to be read again> 
                   \c@* 
l.1765 	\end{frame}
                   
A number should have been here; I inserted `0'.
(If you can't figure out why I needed to see a number,
look up `weird error' in the index to The TeXbook.)

! Missing number, treated as zero.
<to be read again> 
                   \c@* 
l.1765 	\end{frame}
                   
A number should have been here; I inserted `0'.
(If you can't figure out why I needed to see a number,
look up `weird error' in the index to The TeXbook.)

[115

] [116

]
! Missing number, treated as zero.
<to be read again> 
                   \c@* 
l.1794 	\end{frame}
                   
A number should have been here; I inserted `0'.
(If you can't figure out why I needed to see a number,
look up `weird error' in the index to The TeXbook.)

! Missing number, treated as zero.
<to be read again> 
                   \c@* 
l.1794 	\end{frame}
                   
A number should have been here; I inserted `0'.
(If you can't figure out why I needed to see a number,
look up `weird error' in the index to The TeXbook.)

! Missing number, treated as zero.
<to be read again> 
                   \c@* 
l.1794 	\end{frame}
                   
A number should have been here; I inserted `0'.
(If you can't figure out why I needed to see a number,
look up `weird error' in the index to The TeXbook.)

! Missing number, treated as zero.
<to be read again> 
                   \c@* 
l.1794 	\end{frame}
                   
A number should have been here; I inserted `0'.
(If you can't figure out why I needed to see a number,
look up `weird error' in the index to The TeXbook.)

[117

] [118

]
! Missing number, treated as zero.
<to be read again> 
                   \c@* 
l.1821 	\end{frame}
                   
A number should have been here; I inserted `0'.
(If you can't figure out why I needed to see a number,
look up `weird error' in the index to The TeXbook.)

! Missing number, treated as zero.
<to be read again> 
                   \c@* 
l.1821 	\end{frame}
                   
A number should have been here; I inserted `0'.
(If you can't figure out why I needed to see a number,
look up `weird error' in the index to The TeXbook.)

! Missing number, treated as zero.
<to be read again> 
                   \c@* 
l.1821 	\end{frame}
                   
A number should have been here; I inserted `0'.
(If you can't figure out why I needed to see a number,
look up `weird error' in the index to The TeXbook.)

! Missing number, treated as zero.
<to be read again> 
                   \c@* 
l.1821 	\end{frame}
                   
A number should have been here; I inserted `0'.
(If you can't figure out why I needed to see a number,
look up `weird error' in the index to The TeXbook.)

[119

]
Overfull \vbox (22.01778pt too high) detected at line 1846
 []

[120

]
! Missing number, treated as zero.
<to be read again> 
                   \c@* 
l.1853 	\end{frame}
                   
A number should have been here; I inserted `0'.
(If you can't figure out why I needed to see a number,
look up `weird error' in the index to The TeXbook.)

! Missing number, treated as zero.
<to be read again> 
                   \c@* 
l.1853 	\end{frame}
                   
A number should have been here; I inserted `0'.
(If you can't figure out why I needed to see a number,
look up `weird error' in the index to The TeXbook.)

! Missing number, treated as zero.
<to be read again> 
                   \c@* 
l.1853 	\end{frame}
                   
A number should have been here; I inserted `0'.
(If you can't figure out why I needed to see a number,
look up `weird error' in the index to The TeXbook.)

! Missing number, treated as zero.
<to be read again> 
                   \c@* 
l.1853 	\end{frame}
                   
A number should have been here; I inserted `0'.
(If you can't figure out why I needed to see a number,
look up `weird error' in the index to The TeXbook.)

[121

] [122

]
! Missing number, treated as zero.
<to be read again> 
                   \c@* 
l.1884 	\end{frame}
                   
A number should have been here; I inserted `0'.
(If you can't figure out why I needed to see a number,
look up `weird error' in the index to The TeXbook.)

! Missing number, treated as zero.
<to be read again> 
                   \c@* 
l.1884 	\end{frame}
                   
A number should have been here; I inserted `0'.
(If you can't figure out why I needed to see a number,
look up `weird error' in the index to The TeXbook.)

! Missing number, treated as zero.
<to be read again> 
                   \c@* 
l.1884 	\end{frame}
                   
A number should have been here; I inserted `0'.
(If you can't figure out why I needed to see a number,
look up `weird error' in the index to The TeXbook.)

! Missing number, treated as zero.
<to be read again> 
                   \c@* 
l.1884 	\end{frame}
                   
A number should have been here; I inserted `0'.
(If you can't figure out why I needed to see a number,
look up `weird error' in the index to The TeXbook.)

[123

] [124

]
! Missing number, treated as zero.
<to be read again> 
                   \c@* 
l.1911 	\end{frame}
                   
A number should have been here; I inserted `0'.
(If you can't figure out why I needed to see a number,
look up `weird error' in the index to The TeXbook.)

! Missing number, treated as zero.
<to be read again> 
                   \c@* 
l.1911 	\end{frame}
                   
A number should have been here; I inserted `0'.
(If you can't figure out why I needed to see a number,
look up `weird error' in the index to The TeXbook.)

! Missing number, treated as zero.
<to be read again> 
                   \c@* 
l.1911 	\end{frame}
                   
A number should have been here; I inserted `0'.
(If you can't figure out why I needed to see a number,
look up `weird error' in the index to The TeXbook.)

! Missing number, treated as zero.
<to be read again> 
                   \c@* 
l.1911 	\end{frame}
                   
A number should have been here; I inserted `0'.
(If you can't figure out why I needed to see a number,
look up `weird error' in the index to The TeXbook.)

[125

] [126

]
! Missing number, treated as zero.
<to be read again> 
                   \c@* 
l.1939 	\end{frame}
                   
A number should have been here; I inserted `0'.
(If you can't figure out why I needed to see a number,
look up `weird error' in the index to The TeXbook.)

! Missing number, treated as zero.
<to be read again> 
                   \c@* 
l.1939 	\end{frame}
                   
A number should have been here; I inserted `0'.
(If you can't figure out why I needed to see a number,
look up `weird error' in the index to The TeXbook.)

! Missing number, treated as zero.
<to be read again> 
                   \c@* 
l.1939 	\end{frame}
                   
A number should have been here; I inserted `0'.
(If you can't figure out why I needed to see a number,
look up `weird error' in the index to The TeXbook.)

! Missing number, treated as zero.
<to be read again> 
                   \c@* 
l.1939 	\end{frame}
                   
A number should have been here; I inserted `0'.
(If you can't figure out why I needed to see a number,
look up `weird error' in the index to The TeXbook.)

[127

] [128

]
! Missing number, treated as zero.
<to be read again> 
                   \c@* 
l.1966 	\end{frame}
                   
A number should have been here; I inserted `0'.
(If you can't figure out why I needed to see a number,
look up `weird error' in the index to The TeXbook.)

! Missing number, treated as zero.
<to be read again> 
                   \c@* 
l.1966 	\end{frame}
                   
A number should have been here; I inserted `0'.
(If you can't figure out why I needed to see a number,
look up `weird error' in the index to The TeXbook.)

! Missing number, treated as zero.
<to be read again> 
                   \c@* 
l.1966 	\end{frame}
                   
A number should have been here; I inserted `0'.
(If you can't figure out why I needed to see a number,
look up `weird error' in the index to The TeXbook.)

! Missing number, treated as zero.
<to be read again> 
                   \c@* 
l.1966 	\end{frame}
                   
A number should have been here; I inserted `0'.
(If you can't figure out why I needed to see a number,
look up `weird error' in the index to The TeXbook.)

[129

] [130

]
! Missing number, treated as zero.
<to be read again> 
                   \c@* 
l.1994 	\end{frame}
                   
A number should have been here; I inserted `0'.
(If you can't figure out why I needed to see a number,
look up `weird error' in the index to The TeXbook.)

! Missing number, treated as zero.
<to be read again> 
                   \c@* 
l.1994 	\end{frame}
                   
A number should have been here; I inserted `0'.
(If you can't figure out why I needed to see a number,
look up `weird error' in the index to The TeXbook.)

! Missing number, treated as zero.
<to be read again> 
                   \c@* 
l.1994 	\end{frame}
                   
A number should have been here; I inserted `0'.
(If you can't figure out why I needed to see a number,
look up `weird error' in the index to The TeXbook.)

! Missing number, treated as zero.
<to be read again> 
                   \c@* 
l.1994 	\end{frame}
                   
A number should have been here; I inserted `0'.
(If you can't figure out why I needed to see a number,
look up `weird error' in the index to The TeXbook.)

[131

] [132

]
! Missing number, treated as zero.
<to be read again> 
                   \c@* 
l.2021 	\end{frame}
                   
A number should have been here; I inserted `0'.
(If you can't figure out why I needed to see a number,
look up `weird error' in the index to The TeXbook.)

! Missing number, treated as zero.
<to be read again> 
                   \c@* 
l.2021 	\end{frame}
                   
A number should have been here; I inserted `0'.
(If you can't figure out why I needed to see a number,
look up `weird error' in the index to The TeXbook.)

! Missing number, treated as zero.
<to be read again> 
                   \c@* 
l.2021 	\end{frame}
                   
A number should have been here; I inserted `0'.
(If you can't figure out why I needed to see a number,
look up `weird error' in the index to The TeXbook.)

! Missing number, treated as zero.
<to be read again> 
                   \c@* 
l.2021 	\end{frame}
                   
A number should have been here; I inserted `0'.
(If you can't figure out why I needed to see a number,
look up `weird error' in the index to The TeXbook.)

[133

]
Overfull \vbox (22.01778pt too high) detected at line 2046
 []

[134

]
! Missing number, treated as zero.
<to be read again> 
                   \c@* 
l.2053 	\end{frame}
                   
A number should have been here; I inserted `0'.
(If you can't figure out why I needed to see a number,
look up `weird error' in the index to The TeXbook.)

! Missing number, treated as zero.
<to be read again> 
                   \c@* 
l.2053 	\end{frame}
                   
A number should have been here; I inserted `0'.
(If you can't figure out why I needed to see a number,
look up `weird error' in the index to The TeXbook.)

! Missing number, treated as zero.
<to be read again> 
                   \c@* 
l.2053 	\end{frame}
                   
A number should have been here; I inserted `0'.
(If you can't figure out why I needed to see a number,
look up `weird error' in the index to The TeXbook.)

! Missing number, treated as zero.
<to be read again> 
                   \c@* 
l.2053 	\end{frame}
                   
A number should have been here; I inserted `0'.
(If you can't figure out why I needed to see a number,
look up `weird error' in the index to The TeXbook.)

[135

]
Overfull \vbox (22.01778pt too high) detected at line 2076
 []

[136

]
! Missing number, treated as zero.
<to be read again> 
                   \c@* 
l.2083 	\end{frame}
                   
A number should have been here; I inserted `0'.
(If you can't figure out why I needed to see a number,
look up `weird error' in the index to The TeXbook.)

! Missing number, treated as zero.
<to be read again> 
                   \c@* 
l.2083 	\end{frame}
                   
A number should have been here; I inserted `0'.
(If you can't figure out why I needed to see a number,
look up `weird error' in the index to The TeXbook.)

! Missing number, treated as zero.
<to be read again> 
                   \c@* 
l.2083 	\end{frame}
                   
A number should have been here; I inserted `0'.
(If you can't figure out why I needed to see a number,
look up `weird error' in the index to The TeXbook.)

! Missing number, treated as zero.
<to be read again> 
                   \c@* 
l.2083 	\end{frame}
                   
A number should have been here; I inserted `0'.
(If you can't figure out why I needed to see a number,
look up `weird error' in the index to The TeXbook.)

[137

]
Overfull \vbox (22.01778pt too high) detected at line 2106
 []

[138

]
! Missing number, treated as zero.
<to be read again> 
                   \c@* 
l.2113 	\end{frame}
                   
A number should have been here; I inserted `0'.
(If you can't figure out why I needed to see a number,
look up `weird error' in the index to The TeXbook.)

! Missing number, treated as zero.
<to be read again> 
                   \c@* 
l.2113 	\end{frame}
                   
A number should have been here; I inserted `0'.
(If you can't figure out why I needed to see a number,
look up `weird error' in the index to The TeXbook.)

! Missing number, treated as zero.
<to be read again> 
                   \c@* 
l.2113 	\end{frame}
                   
A number should have been here; I inserted `0'.
(If you can't figure out why I needed to see a number,
look up `weird error' in the index to The TeXbook.)

! Missing number, treated as zero.
<to be read again> 
                   \c@* 
l.2113 	\end{frame}
                   
A number should have been here; I inserted `0'.
(If you can't figure out why I needed to see a number,
look up `weird error' in the index to The TeXbook.)

[139

] [140

]
! Missing number, treated as zero.
<to be read again> 
                   \c@* 
l.2140 	\end{frame}
                   
A number should have been here; I inserted `0'.
(If you can't figure out why I needed to see a number,
look up `weird error' in the index to The TeXbook.)

! Missing number, treated as zero.
<to be read again> 
                   \c@* 
l.2140 	\end{frame}
                   
A number should have been here; I inserted `0'.
(If you can't figure out why I needed to see a number,
look up `weird error' in the index to The TeXbook.)

! Missing number, treated as zero.
<to be read again> 
                   \c@* 
l.2140 	\end{frame}
                   
A number should have been here; I inserted `0'.
(If you can't figure out why I needed to see a number,
look up `weird error' in the index to The TeXbook.)

! Missing number, treated as zero.
<to be read again> 
                   \c@* 
l.2140 	\end{frame}
                   
A number should have been here; I inserted `0'.
(If you can't figure out why I needed to see a number,
look up `weird error' in the index to The TeXbook.)

[141

] [142

]
! Missing number, treated as zero.
<to be read again> 
                   \c@* 
l.2168 	\end{frame}
                   
A number should have been here; I inserted `0'.
(If you can't figure out why I needed to see a number,
look up `weird error' in the index to The TeXbook.)

! Missing number, treated as zero.
<to be read again> 
                   \c@* 
l.2168 	\end{frame}
                   
A number should have been here; I inserted `0'.
(If you can't figure out why I needed to see a number,
look up `weird error' in the index to The TeXbook.)

! Missing number, treated as zero.
<to be read again> 
                   \c@* 
l.2168 	\end{frame}
                   
A number should have been here; I inserted `0'.
(If you can't figure out why I needed to see a number,
look up `weird error' in the index to The TeXbook.)

! Missing number, treated as zero.
<to be read again> 
                   \c@* 
l.2168 	\end{frame}
                   
A number should have been here; I inserted `0'.
(If you can't figure out why I needed to see a number,
look up `weird error' in the index to The TeXbook.)

[143

] [144

]
! Missing number, treated as zero.
<to be read again> 
                   \c@* 
l.2195 	\end{frame}
                   
A number should have been here; I inserted `0'.
(If you can't figure out why I needed to see a number,
look up `weird error' in the index to The TeXbook.)

! Missing number, treated as zero.
<to be read again> 
                   \c@* 
l.2195 	\end{frame}
                   
A number should have been here; I inserted `0'.
(If you can't figure out why I needed to see a number,
look up `weird error' in the index to The TeXbook.)

! Missing number, treated as zero.
<to be read again> 
                   \c@* 
l.2195 	\end{frame}
                   
A number should have been here; I inserted `0'.
(If you can't figure out why I needed to see a number,
look up `weird error' in the index to The TeXbook.)

! Missing number, treated as zero.
<to be read again> 
                   \c@* 
l.2195 	\end{frame}
                   
A number should have been here; I inserted `0'.
(If you can't figure out why I needed to see a number,
look up `weird error' in the index to The TeXbook.)

[145

] [146

]
! Missing number, treated as zero.
<to be read again> 
                   \c@* 
l.2224 	\end{frame}
                   
A number should have been here; I inserted `0'.
(If you can't figure out why I needed to see a number,
look up `weird error' in the index to The TeXbook.)

! Missing number, treated as zero.
<to be read again> 
                   \c@* 
l.2224 	\end{frame}
                   
A number should have been here; I inserted `0'.
(If you can't figure out why I needed to see a number,
look up `weird error' in the index to The TeXbook.)

! Missing number, treated as zero.
<to be read again> 
                   \c@* 
l.2224 	\end{frame}
                   
A number should have been here; I inserted `0'.
(If you can't figure out why I needed to see a number,
look up `weird error' in the index to The TeXbook.)

! Missing number, treated as zero.
<to be read again> 
                   \c@* 
l.2224 	\end{frame}
                   
A number should have been here; I inserted `0'.
(If you can't figure out why I needed to see a number,
look up `weird error' in the index to The TeXbook.)

[147

] [148

]
! Missing number, treated as zero.
<to be read again> 
                   \c@* 
l.2252 	\end{frame}
                   
A number should have been here; I inserted `0'.
(If you can't figure out why I needed to see a number,
look up `weird error' in the index to The TeXbook.)

! Missing number, treated as zero.
<to be read again> 
                   \c@* 
l.2252 	\end{frame}
                   
A number should have been here; I inserted `0'.
(If you can't figure out why I needed to see a number,
look up `weird error' in the index to The TeXbook.)

! Missing number, treated as zero.
<to be read again> 
                   \c@* 
l.2252 	\end{frame}
                   
A number should have been here; I inserted `0'.
(If you can't figure out why I needed to see a number,
look up `weird error' in the index to The TeXbook.)

! Missing number, treated as zero.
<to be read again> 
                   \c@* 
l.2252 	\end{frame}
                   
A number should have been here; I inserted `0'.
(If you can't figure out why I needed to see a number,
look up `weird error' in the index to The TeXbook.)

[149

] [150

]
! Missing number, treated as zero.
<to be read again> 
                   \c@* 
l.2279 	\end{frame}
                   
A number should have been here; I inserted `0'.
(If you can't figure out why I needed to see a number,
look up `weird error' in the index to The TeXbook.)

! Missing number, treated as zero.
<to be read again> 
                   \c@* 
l.2279 	\end{frame}
                   
A number should have been here; I inserted `0'.
(If you can't figure out why I needed to see a number,
look up `weird error' in the index to The TeXbook.)

! Missing number, treated as zero.
<to be read again> 
                   \c@* 
l.2279 	\end{frame}
                   
A number should have been here; I inserted `0'.
(If you can't figure out why I needed to see a number,
look up `weird error' in the index to The TeXbook.)

! Missing number, treated as zero.
<to be read again> 
                   \c@* 
l.2279 	\end{frame}
                   
A number should have been here; I inserted `0'.
(If you can't figure out why I needed to see a number,
look up `weird error' in the index to The TeXbook.)

[151

] [152

]
! Missing number, treated as zero.
<to be read again> 
                   \c@* 
l.2304 	\end{frame}
                   
A number should have been here; I inserted `0'.
(If you can't figure out why I needed to see a number,
look up `weird error' in the index to The TeXbook.)

! Missing number, treated as zero.
<to be read again> 
                   \c@* 
l.2304 	\end{frame}
                   
A number should have been here; I inserted `0'.
(If you can't figure out why I needed to see a number,
look up `weird error' in the index to The TeXbook.)

! Missing number, treated as zero.
<to be read again> 
                   \c@* 
l.2304 	\end{frame}
                   
A number should have been here; I inserted `0'.
(If you can't figure out why I needed to see a number,
look up `weird error' in the index to The TeXbook.)

! Missing number, treated as zero.
<to be read again> 
                   \c@* 
l.2304 	\end{frame}
                   
A number should have been here; I inserted `0'.
(If you can't figure out why I needed to see a number,
look up `weird error' in the index to The TeXbook.)

[153

]
Overfull \vbox (22.01778pt too high) detected at line 2327
 []

[154

]
! Missing number, treated as zero.
<to be read again> 
                   \c@* 
l.2334 	\end{frame}
                   
A number should have been here; I inserted `0'.
(If you can't figure out why I needed to see a number,
look up `weird error' in the index to The TeXbook.)

! Missing number, treated as zero.
<to be read again> 
                   \c@* 
l.2334 	\end{frame}
                   
A number should have been here; I inserted `0'.
(If you can't figure out why I needed to see a number,
look up `weird error' in the index to The TeXbook.)

! Missing number, treated as zero.
<to be read again> 
                   \c@* 
l.2334 	\end{frame}
                   
A number should have been here; I inserted `0'.
(If you can't figure out why I needed to see a number,
look up `weird error' in the index to The TeXbook.)

! Missing number, treated as zero.
<to be read again> 
                   \c@* 
l.2334 	\end{frame}
                   
A number should have been here; I inserted `0'.
(If you can't figure out why I needed to see a number,
look up `weird error' in the index to The TeXbook.)

[155

] [156

]
! Missing number, treated as zero.
<to be read again> 
                   \c@* 
l.2358 	\end{frame}
                   
A number should have been here; I inserted `0'.
(If you can't figure out why I needed to see a number,
look up `weird error' in the index to The TeXbook.)

! Missing number, treated as zero.
<to be read again> 
                   \c@* 
l.2358 	\end{frame}
                   
A number should have been here; I inserted `0'.
(If you can't figure out why I needed to see a number,
look up `weird error' in the index to The TeXbook.)

! Missing number, treated as zero.
<to be read again> 
                   \c@* 
l.2358 	\end{frame}
                   
A number should have been here; I inserted `0'.
(If you can't figure out why I needed to see a number,
look up `weird error' in the index to The TeXbook.)

! Missing number, treated as zero.
<to be read again> 
                   \c@* 
l.2358 	\end{frame}
                   
A number should have been here; I inserted `0'.
(If you can't figure out why I needed to see a number,
look up `weird error' in the index to The TeXbook.)

[157

] [158

]
! Missing number, treated as zero.
<to be read again> 
                   \c@* 
l.2386 	\end{frame}
                   
A number should have been here; I inserted `0'.
(If you can't figure out why I needed to see a number,
look up `weird error' in the index to The TeXbook.)

! Missing number, treated as zero.
<to be read again> 
                   \c@* 
l.2386 	\end{frame}
                   
A number should have been here; I inserted `0'.
(If you can't figure out why I needed to see a number,
look up `weird error' in the index to The TeXbook.)

! Missing number, treated as zero.
<to be read again> 
                   \c@* 
l.2386 	\end{frame}
                   
A number should have been here; I inserted `0'.
(If you can't figure out why I needed to see a number,
look up `weird error' in the index to The TeXbook.)

! Missing number, treated as zero.
<to be read again> 
                   \c@* 
l.2386 	\end{frame}
                   
A number should have been here; I inserted `0'.
(If you can't figure out why I needed to see a number,
look up `weird error' in the index to The TeXbook.)

[159

]
Overfull \vbox (22.01778pt too high) detected at line 2409
 []

[160

]
! Missing number, treated as zero.
<to be read again> 
                   \c@* 
l.2416 	\end{frame}
                   
A number should have been here; I inserted `0'.
(If you can't figure out why I needed to see a number,
look up `weird error' in the index to The TeXbook.)

! Missing number, treated as zero.
<to be read again> 
                   \c@* 
l.2416 	\end{frame}
                   
A number should have been here; I inserted `0'.
(If you can't figure out why I needed to see a number,
look up `weird error' in the index to The TeXbook.)

! Missing number, treated as zero.
<to be read again> 
                   \c@* 
l.2416 	\end{frame}
                   
A number should have been here; I inserted `0'.
(If you can't figure out why I needed to see a number,
look up `weird error' in the index to The TeXbook.)

! Missing number, treated as zero.
<to be read again> 
                   \c@* 
l.2416 	\end{frame}
                   
A number should have been here; I inserted `0'.
(If you can't figure out why I needed to see a number,
look up `weird error' in the index to The TeXbook.)

[161

]
Overfull \vbox (7.01778pt too high) detected at line 2438
 []

[162

]
! Missing number, treated as zero.
<to be read again> 
                   \c@* 
l.2445 	\end{frame}
                   
A number should have been here; I inserted `0'.
(If you can't figure out why I needed to see a number,
look up `weird error' in the index to The TeXbook.)

! Missing number, treated as zero.
<to be read again> 
                   \c@* 
l.2445 	\end{frame}
                   
A number should have been here; I inserted `0'.
(If you can't figure out why I needed to see a number,
look up `weird error' in the index to The TeXbook.)

! Missing number, treated as zero.
<to be read again> 
                   \c@* 
l.2445 	\end{frame}
                   
A number should have been here; I inserted `0'.
(If you can't figure out why I needed to see a number,
look up `weird error' in the index to The TeXbook.)

! Missing number, treated as zero.
<to be read again> 
                   \c@* 
l.2445 	\end{frame}
                   
A number should have been here; I inserted `0'.
(If you can't figure out why I needed to see a number,
look up `weird error' in the index to The TeXbook.)

[163

] [164

]
! Missing number, treated as zero.
<to be read again> 
                   \c@* 
l.2472 	\end{frame}
                   
A number should have been here; I inserted `0'.
(If you can't figure out why I needed to see a number,
look up `weird error' in the index to The TeXbook.)

! Missing number, treated as zero.
<to be read again> 
                   \c@* 
l.2472 	\end{frame}
                   
A number should have been here; I inserted `0'.
(If you can't figure out why I needed to see a number,
look up `weird error' in the index to The TeXbook.)

! Missing number, treated as zero.
<to be read again> 
                   \c@* 
l.2472 	\end{frame}
                   
A number should have been here; I inserted `0'.
(If you can't figure out why I needed to see a number,
look up `weird error' in the index to The TeXbook.)

! Missing number, treated as zero.
<to be read again> 
                   \c@* 
l.2472 	\end{frame}
                   
A number should have been here; I inserted `0'.
(If you can't figure out why I needed to see a number,
look up `weird error' in the index to The TeXbook.)

[165

]
Overfull \vbox (7.01778pt too high) detected at line 2494
 []

[166

]
! Missing number, treated as zero.
<to be read again> 
                   \c@* 
l.2501 	\end{frame}
                   
A number should have been here; I inserted `0'.
(If you can't figure out why I needed to see a number,
look up `weird error' in the index to The TeXbook.)

! Missing number, treated as zero.
<to be read again> 
                   \c@* 
l.2501 	\end{frame}
                   
A number should have been here; I inserted `0'.
(If you can't figure out why I needed to see a number,
look up `weird error' in the index to The TeXbook.)

! Missing number, treated as zero.
<to be read again> 
                   \c@* 
l.2501 	\end{frame}
                   
A number should have been here; I inserted `0'.
(If you can't figure out why I needed to see a number,
look up `weird error' in the index to The TeXbook.)

! Missing number, treated as zero.
<to be read again> 
                   \c@* 
l.2501 	\end{frame}
                   
A number should have been here; I inserted `0'.
(If you can't figure out why I needed to see a number,
look up `weird error' in the index to The TeXbook.)

[167

]
Overfull \vbox (22.01778pt too high) detected at line 2524
 []

[168

]
! Missing number, treated as zero.
<to be read again> 
                   \c@* 
l.2531 	\end{frame}
                   
A number should have been here; I inserted `0'.
(If you can't figure out why I needed to see a number,
look up `weird error' in the index to The TeXbook.)

! Missing number, treated as zero.
<to be read again> 
                   \c@* 
l.2531 	\end{frame}
                   
A number should have been here; I inserted `0'.
(If you can't figure out why I needed to see a number,
look up `weird error' in the index to The TeXbook.)

! Missing number, treated as zero.
<to be read again> 
                   \c@* 
l.2531 	\end{frame}
                   
A number should have been here; I inserted `0'.
(If you can't figure out why I needed to see a number,
look up `weird error' in the index to The TeXbook.)

! Missing number, treated as zero.
<to be read again> 
                   \c@* 
l.2531 	\end{frame}
                   
A number should have been here; I inserted `0'.
(If you can't figure out why I needed to see a number,
look up `weird error' in the index to The TeXbook.)

[169

] [170

]
! Missing number, treated as zero.
<to be read again> 
                   \c@* 
l.2558 	\end{frame}
                   
A number should have been here; I inserted `0'.
(If you can't figure out why I needed to see a number,
look up `weird error' in the index to The TeXbook.)

! Missing number, treated as zero.
<to be read again> 
                   \c@* 
l.2558 	\end{frame}
                   
A number should have been here; I inserted `0'.
(If you can't figure out why I needed to see a number,
look up `weird error' in the index to The TeXbook.)

! Missing number, treated as zero.
<to be read again> 
                   \c@* 
l.2558 	\end{frame}
                   
A number should have been here; I inserted `0'.
(If you can't figure out why I needed to see a number,
look up `weird error' in the index to The TeXbook.)

! Missing number, treated as zero.
<to be read again> 
                   \c@* 
l.2558 	\end{frame}
                   
A number should have been here; I inserted `0'.
(If you can't figure out why I needed to see a number,
look up `weird error' in the index to The TeXbook.)

[171

] [172

]
! Missing number, treated as zero.
<to be read again> 
                   \c@* 
l.2586 	\end{frame}
                   
A number should have been here; I inserted `0'.
(If you can't figure out why I needed to see a number,
look up `weird error' in the index to The TeXbook.)

! Missing number, treated as zero.
<to be read again> 
                   \c@* 
l.2586 	\end{frame}
                   
A number should have been here; I inserted `0'.
(If you can't figure out why I needed to see a number,
look up `weird error' in the index to The TeXbook.)

! Missing number, treated as zero.
<to be read again> 
                   \c@* 
l.2586 	\end{frame}
                   
A number should have been here; I inserted `0'.
(If you can't figure out why I needed to see a number,
look up `weird error' in the index to The TeXbook.)

! Missing number, treated as zero.
<to be read again> 
                   \c@* 
l.2586 	\end{frame}
                   
A number should have been here; I inserted `0'.
(If you can't figure out why I needed to see a number,
look up `weird error' in the index to The TeXbook.)

[173

] [174

]
! Missing number, treated as zero.
<to be read again> 
                   \c@* 
l.2614 	\end{frame}
                   
A number should have been here; I inserted `0'.
(If you can't figure out why I needed to see a number,
look up `weird error' in the index to The TeXbook.)

! Missing number, treated as zero.
<to be read again> 
                   \c@* 
l.2614 	\end{frame}
                   
A number should have been here; I inserted `0'.
(If you can't figure out why I needed to see a number,
look up `weird error' in the index to The TeXbook.)

! Missing number, treated as zero.
<to be read again> 
                   \c@* 
l.2614 	\end{frame}
                   
A number should have been here; I inserted `0'.
(If you can't figure out why I needed to see a number,
look up `weird error' in the index to The TeXbook.)

! Missing number, treated as zero.
<to be read again> 
                   \c@* 
l.2614 	\end{frame}
                   
A number should have been here; I inserted `0'.
(If you can't figure out why I needed to see a number,
look up `weird error' in the index to The TeXbook.)

[175

]
Overfull \vbox (52.01778pt too high) detected at line 2641
 []

[176

]
! Missing number, treated as zero.
<to be read again> 
                   \c@* 
l.2648 	\end{frame}
                   
A number should have been here; I inserted `0'.
(If you can't figure out why I needed to see a number,
look up `weird error' in the index to The TeXbook.)

! Missing number, treated as zero.
<to be read again> 
                   \c@* 
l.2648 	\end{frame}
                   
A number should have been here; I inserted `0'.
(If you can't figure out why I needed to see a number,
look up `weird error' in the index to The TeXbook.)

! Missing number, treated as zero.
<to be read again> 
                   \c@* 
l.2648 	\end{frame}
                   
A number should have been here; I inserted `0'.
(If you can't figure out why I needed to see a number,
look up `weird error' in the index to The TeXbook.)

! Missing number, treated as zero.
<to be read again> 
                   \c@* 
l.2648 	\end{frame}
                   
A number should have been here; I inserted `0'.
(If you can't figure out why I needed to see a number,
look up `weird error' in the index to The TeXbook.)

[177

] [178

]
! Missing number, treated as zero.
<to be read again> 
                   \c@* 
l.2676 	\end{frame}
                   
A number should have been here; I inserted `0'.
(If you can't figure out why I needed to see a number,
look up `weird error' in the index to The TeXbook.)

! Missing number, treated as zero.
<to be read again> 
                   \c@* 
l.2676 	\end{frame}
                   
A number should have been here; I inserted `0'.
(If you can't figure out why I needed to see a number,
look up `weird error' in the index to The TeXbook.)

! Missing number, treated as zero.
<to be read again> 
                   \c@* 
l.2676 	\end{frame}
                   
A number should have been here; I inserted `0'.
(If you can't figure out why I needed to see a number,
look up `weird error' in the index to The TeXbook.)

! Missing number, treated as zero.
<to be read again> 
                   \c@* 
l.2676 	\end{frame}
                   
A number should have been here; I inserted `0'.
(If you can't figure out why I needed to see a number,
look up `weird error' in the index to The TeXbook.)

[179

] [180

]
! Missing number, treated as zero.
<to be read again> 
                   \c@* 
l.2704 	\end{frame}
                   
A number should have been here; I inserted `0'.
(If you can't figure out why I needed to see a number,
look up `weird error' in the index to The TeXbook.)

! Missing number, treated as zero.
<to be read again> 
                   \c@* 
l.2704 	\end{frame}
                   
A number should have been here; I inserted `0'.
(If you can't figure out why I needed to see a number,
look up `weird error' in the index to The TeXbook.)

! Missing number, treated as zero.
<to be read again> 
                   \c@* 
l.2704 	\end{frame}
                   
A number should have been here; I inserted `0'.
(If you can't figure out why I needed to see a number,
look up `weird error' in the index to The TeXbook.)

! Missing number, treated as zero.
<to be read again> 
                   \c@* 
l.2704 	\end{frame}
                   
A number should have been here; I inserted `0'.
(If you can't figure out why I needed to see a number,
look up `weird error' in the index to The TeXbook.)

[181

]
Overfull \vbox (7.01778pt too high) detected at line 2726
 []

[182

]
! Missing number, treated as zero.
<to be read again> 
                   \c@* 
l.2737 	\end{frame}
                   
A number should have been here; I inserted `0'.
(If you can't figure out why I needed to see a number,
look up `weird error' in the index to The TeXbook.)

! Missing number, treated as zero.
<to be read again> 
                   \c@* 
l.2737 	\end{frame}
                   
A number should have been here; I inserted `0'.
(If you can't figure out why I needed to see a number,
look up `weird error' in the index to The TeXbook.)

! Missing number, treated as zero.
<to be read again> 
                   \c@* 
l.2737 	\end{frame}
                   
A number should have been here; I inserted `0'.
(If you can't figure out why I needed to see a number,
look up `weird error' in the index to The TeXbook.)

! Missing number, treated as zero.
<to be read again> 
                   \c@* 
l.2737 	\end{frame}
                   
A number should have been here; I inserted `0'.
(If you can't figure out why I needed to see a number,
look up `weird error' in the index to The TeXbook.)

[183

] [184

]
! Missing number, treated as zero.
<to be read again> 
                   \c@* 
l.2764 	\end{frame}
                   
A number should have been here; I inserted `0'.
(If you can't figure out why I needed to see a number,
look up `weird error' in the index to The TeXbook.)

! Missing number, treated as zero.
<to be read again> 
                   \c@* 
l.2764 	\end{frame}
                   
A number should have been here; I inserted `0'.
(If you can't figure out why I needed to see a number,
look up `weird error' in the index to The TeXbook.)

! Missing number, treated as zero.
<to be read again> 
                   \c@* 
l.2764 	\end{frame}
                   
A number should have been here; I inserted `0'.
(If you can't figure out why I needed to see a number,
look up `weird error' in the index to The TeXbook.)

! Missing number, treated as zero.
<to be read again> 
                   \c@* 
l.2764 	\end{frame}
                   
A number should have been here; I inserted `0'.
(If you can't figure out why I needed to see a number,
look up `weird error' in the index to The TeXbook.)

[185

] [186

]
! Missing number, treated as zero.
<to be read again> 
                   \c@* 
l.2789 	\end{frame}
                   
A number should have been here; I inserted `0'.
(If you can't figure out why I needed to see a number,
look up `weird error' in the index to The TeXbook.)

! Missing number, treated as zero.
<to be read again> 
                   \c@* 
l.2789 	\end{frame}
                   
A number should have been here; I inserted `0'.
(If you can't figure out why I needed to see a number,
look up `weird error' in the index to The TeXbook.)

! Missing number, treated as zero.
<to be read again> 
                   \c@* 
l.2789 	\end{frame}
                   
A number should have been here; I inserted `0'.
(If you can't figure out why I needed to see a number,
look up `weird error' in the index to The TeXbook.)

! Missing number, treated as zero.
<to be read again> 
                   \c@* 
l.2789 	\end{frame}
                   
A number should have been here; I inserted `0'.
(If you can't figure out why I needed to see a number,
look up `weird error' in the index to The TeXbook.)

[187

] [188

]
! Missing number, treated as zero.
<to be read again> 
                   \c@* 
l.2809 	\end{frame}
                   
A number should have been here; I inserted `0'.
(If you can't figure out why I needed to see a number,
look up `weird error' in the index to The TeXbook.)

! Missing number, treated as zero.
<to be read again> 
                   \c@* 
l.2809 	\end{frame}
                   
A number should have been here; I inserted `0'.
(If you can't figure out why I needed to see a number,
look up `weird error' in the index to The TeXbook.)

! Missing number, treated as zero.
<to be read again> 
                   \c@* 
l.2809 	\end{frame}
                   
A number should have been here; I inserted `0'.
(If you can't figure out why I needed to see a number,
look up `weird error' in the index to The TeXbook.)

! Missing number, treated as zero.
<to be read again> 
                   \c@* 
l.2809 	\end{frame}
                   
A number should have been here; I inserted `0'.
(If you can't figure out why I needed to see a number,
look up `weird error' in the index to The TeXbook.)

[189

] [190

]
! Missing number, treated as zero.
<to be read again> 
                   \c@* 
l.2832 	\end{frame}
                   
A number should have been here; I inserted `0'.
(If you can't figure out why I needed to see a number,
look up `weird error' in the index to The TeXbook.)

! Missing number, treated as zero.
<to be read again> 
                   \c@* 
l.2832 	\end{frame}
                   
A number should have been here; I inserted `0'.
(If you can't figure out why I needed to see a number,
look up `weird error' in the index to The TeXbook.)

! Missing number, treated as zero.
<to be read again> 
                   \c@* 
l.2832 	\end{frame}
                   
A number should have been here; I inserted `0'.
(If you can't figure out why I needed to see a number,
look up `weird error' in the index to The TeXbook.)

! Missing number, treated as zero.
<to be read again> 
                   \c@* 
l.2832 	\end{frame}
                   
A number should have been here; I inserted `0'.
(If you can't figure out why I needed to see a number,
look up `weird error' in the index to The TeXbook.)

[191

] [192

]
! Missing number, treated as zero.
<to be read again> 
                   \c@* 
l.2860 	\end{frame}
                   
A number should have been here; I inserted `0'.
(If you can't figure out why I needed to see a number,
look up `weird error' in the index to The TeXbook.)

! Missing number, treated as zero.
<to be read again> 
                   \c@* 
l.2860 	\end{frame}
                   
A number should have been here; I inserted `0'.
(If you can't figure out why I needed to see a number,
look up `weird error' in the index to The TeXbook.)

! Missing number, treated as zero.
<to be read again> 
                   \c@* 
l.2860 	\end{frame}
                   
A number should have been here; I inserted `0'.
(If you can't figure out why I needed to see a number,
look up `weird error' in the index to The TeXbook.)

! Missing number, treated as zero.
<to be read again> 
                   \c@* 
l.2860 	\end{frame}
                   
A number should have been here; I inserted `0'.
(If you can't figure out why I needed to see a number,
look up `weird error' in the index to The TeXbook.)

[193

] [194

]
! Missing number, treated as zero.
<to be read again> 
                   \c@* 
l.2883 	\end{frame}
                   
A number should have been here; I inserted `0'.
(If you can't figure out why I needed to see a number,
look up `weird error' in the index to The TeXbook.)

! Missing number, treated as zero.
<to be read again> 
                   \c@* 
l.2883 	\end{frame}
                   
A number should have been here; I inserted `0'.
(If you can't figure out why I needed to see a number,
look up `weird error' in the index to The TeXbook.)

! Missing number, treated as zero.
<to be read again> 
                   \c@* 
l.2883 	\end{frame}
                   
A number should have been here; I inserted `0'.
(If you can't figure out why I needed to see a number,
look up `weird error' in the index to The TeXbook.)

! Missing number, treated as zero.
<to be read again> 
                   \c@* 
l.2883 	\end{frame}
                   
A number should have been here; I inserted `0'.
(If you can't figure out why I needed to see a number,
look up `weird error' in the index to The TeXbook.)

[195

] [196

]
! Missing number, treated as zero.
<to be read again> 
                   \c@* 
l.2906 	\end{frame}
                   
A number should have been here; I inserted `0'.
(If you can't figure out why I needed to see a number,
look up `weird error' in the index to The TeXbook.)

! Missing number, treated as zero.
<to be read again> 
                   \c@* 
l.2906 	\end{frame}
                   
A number should have been here; I inserted `0'.
(If you can't figure out why I needed to see a number,
look up `weird error' in the index to The TeXbook.)

! Missing number, treated as zero.
<to be read again> 
                   \c@* 
l.2906 	\end{frame}
                   
A number should have been here; I inserted `0'.
(If you can't figure out why I needed to see a number,
look up `weird error' in the index to The TeXbook.)

! Missing number, treated as zero.
<to be read again> 
                   \c@* 
l.2906 	\end{frame}
                   
A number should have been here; I inserted `0'.
(If you can't figure out why I needed to see a number,
look up `weird error' in the index to The TeXbook.)

[197

] [198

]
! Missing number, treated as zero.
<to be read again> 
                   \c@* 
l.2932 	\end{frame}
                   
A number should have been here; I inserted `0'.
(If you can't figure out why I needed to see a number,
look up `weird error' in the index to The TeXbook.)

! Missing number, treated as zero.
<to be read again> 
                   \c@* 
l.2932 	\end{frame}
                   
A number should have been here; I inserted `0'.
(If you can't figure out why I needed to see a number,
look up `weird error' in the index to The TeXbook.)

! Missing number, treated as zero.
<to be read again> 
                   \c@* 
l.2932 	\end{frame}
                   
A number should have been here; I inserted `0'.
(If you can't figure out why I needed to see a number,
look up `weird error' in the index to The TeXbook.)

! Missing number, treated as zero.
<to be read again> 
                   \c@* 
l.2932 	\end{frame}
                   
A number should have been here; I inserted `0'.
(If you can't figure out why I needed to see a number,
look up `weird error' in the index to The TeXbook.)

[199

] [200

]
! Missing number, treated as zero.
<to be read again> 
                   \c@* 
l.2954 	\end{frame}
                   
A number should have been here; I inserted `0'.
(If you can't figure out why I needed to see a number,
look up `weird error' in the index to The TeXbook.)

! Missing number, treated as zero.
<to be read again> 
                   \c@* 
l.2954 	\end{frame}
                   
A number should have been here; I inserted `0'.
(If you can't figure out why I needed to see a number,
look up `weird error' in the index to The TeXbook.)

! Missing number, treated as zero.
<to be read again> 
                   \c@* 
l.2954 	\end{frame}
                   
A number should have been here; I inserted `0'.
(If you can't figure out why I needed to see a number,
look up `weird error' in the index to The TeXbook.)

! Missing number, treated as zero.
<to be read again> 
                   \c@* 
l.2954 	\end{frame}
                   
A number should have been here; I inserted `0'.
(If you can't figure out why I needed to see a number,
look up `weird error' in the index to The TeXbook.)

[201

] [202

]
Overfull \vbox (157.59416pt too high) detected at line 3018
 []

[203

] [204

]
\tf@nav=\write6
\openout6 = `qb_v2.nav'.

\tf@toc=\write7
\openout7 = `qb_v2.toc'.

\tf@snm=\write8
\openout8 = `qb_v2.snm'.

 (./qb_v2.aux)
 ***********
LaTeX2e <2023-11-01> patch level 1
L3 programming layer <2024-01-22>
 ***********
Package rerunfilecheck Info: File `qb_v2.out' has not changed.
(rerunfilecheck)             Checksum: 572AF3C7F1176CEACB1358E010E7CC01;1511.
 ) 
Here is how much of TeX's memory you used:
 23463 strings out of 474222
 456761 string characters out of 5748732
 2170975 words of memory out of 5000000
 44822 multiletter control sequences out of 15000+600000
 575421 words of font info for 77 fonts, out of 8000000 for 9000
 1141 hyphenation exceptions out of 8191
 128i,15n,123p,424b,859s stack positions out of 10000i,1000n,20000p,200000b,200000s
</usr/share/texlive/texmf-dist/fonts/type1/public/amsfonts/cm/cmex10.pfb></us
r/share/texlive/texmf-dist/fonts/type1/public/amsfonts/cmextra/cmex9.pfb></usr/
share/texlive/texmf-dist/fonts/type1/public/amsfonts/cm/cmmi10.pfb></usr/share/
texlive/texmf-dist/fonts/type1/public/amsfonts/cm/cmmi9.pfb></usr/share/texlive
/texmf-dist/fonts/type1/public/amsfonts/cm/cmss10.pfb></usr/share/texlive/texmf
-dist/fonts/type1/public/amsfonts/cm/cmss8.pfb></usr/share/texlive/texmf-dist/f
onts/type1/public/amsfonts/cm/cmss9.pfb></usr/share/texlive/texmf-dist/fonts/ty
pe1/public/amsfonts/cm/cmssi10.pfb></usr/share/texlive/texmf-dist/fonts/type1/p
ublic/amsfonts/cm/cmssi8.pfb></usr/share/texlive/texmf-dist/fonts/type1/public/
amsfonts/cm/cmssi9.pfb></usr/share/texlive/texmf-dist/fonts/type1/public/amsfon
ts/cm/cmsy10.pfb></usr/share/texlive/texmf-dist/fonts/type1/public/amsfonts/cm/
cmsy6.pfb></usr/share/texlive/texmf-dist/fonts/type1/public/amsfonts/cm/cmsy9.p
fb></usr/share/texmf/fonts/type1/public/cm-super/sfsi0900.pfb></usr/share/texmf
/fonts/type1/public/cm-super/sfsi1000.pfb></usr/share/texmf/fonts/type1/public/
cm-super/sfss0500.pfb></usr/share/texmf/fonts/type1/public/cm-super/sfss0600.pf
b></usr/share/texmf/fonts/type1/public/cm-super/sfss0700.pfb></usr/share/texmf/
fonts/type1/public/cm-super/sfss0900.pfb></usr/share/texmf/fonts/type1/public/c
m-super/sfss1000.pfb></usr/share/texmf/fonts/type1/public/cm-super/sfss1200.pfb
></usr/share/texmf/fonts/type1/public/cm-super/sfss1440.pfb></usr/share/texmf/f
onts/type1/public/cm-super/sfss2488.pfb></usr/share/texmf/fonts/type1/public/cm
-super/sfsx0900.pfb></usr/share/texmf/fonts/type1/public/cm-super/sftt0900.pfb>

Output written on qb_v2.pdf (204 pages, 1298148 bytes).
PDF statistics:
 9781 PDF objects out of 10688 (max. 8388607)
 7129 compressed objects within 72 object streams
 416 named destinations out of 1000 (max. 500000)
 12777 words of extra memory for PDF output out of 14400 (max. 10000000)

