This is pdfTeX, Version 3.141592653-2.6-1.40.25 (TeX Live 2023/Debian) (preloaded format=pdflatex 2024.12.19)  18 JUL 2026 19:15
entering extended mode
 \write18 enabled.
 %&-line parsing enabled.
**part3.tex
(./part3.tex
LaTeX2e <2023-11-01> patch level 1
L3 programming layer <2024-01-22>
(/usr/share/texlive/texmf-dist/tex/latex/beamer/beamer.cls
Document Class: beamer 2024/01/06 v3.71 A class for typesetting presentations
(/usr/share/texlive/texmf-dist/tex/latex/beamer/beamerbasemodes.sty
(/usr/share/texlive/texmf-dist/tex/latex/etoolbox/etoolbox.sty
Package: etoolbox 2020/10/05 v2.5k e-TeX tools for LaTeX (JAW)
\etb@tempcnta=\count187
)
\beamer@tempbox=\box51
\beamer@tempcount=\count188
\c@beamerpauses=\count189

(/usr/share/texlive/texmf-dist/tex/latex/beamer/beamerbasedecode.sty
\beamer@slideinframe=\count190
\beamer@minimum=\count191
\beamer@decode@box=\box52
)
\beamer@commentbox=\box53
\beamer@modecount=\count192
)
(/usr/share/texlive/texmf-dist/tex/generic/iftex/iftex.sty
Package: iftex 2022/02/03 v1.0f TeX engine tests
)
\headdp=\dimen140
\footheight=\dimen141
\sidebarheight=\dimen142
\beamer@tempdim=\dimen143
\beamer@finalheight=\dimen144
\beamer@animht=\dimen145
\beamer@animdp=\dimen146
\beamer@animwd=\dimen147
\beamer@leftmargin=\dimen148
\beamer@rightmargin=\dimen149
\beamer@leftsidebar=\dimen150
\beamer@rightsidebar=\dimen151
\beamer@boxsize=\dimen152
\beamer@vboxoffset=\dimen153
\beamer@descdefault=\dimen154
\beamer@descriptionwidth=\dimen155
\beamer@lastskip=\skip48
\beamer@areabox=\box54
\beamer@animcurrent=\box55
\beamer@animshowbox=\box56
\beamer@sectionbox=\box57
\beamer@logobox=\box58
\beamer@linebox=\box59
\beamer@sectioncount=\count193
\beamer@subsubsectionmax=\count194
\beamer@subsectionmax=\count195
\beamer@sectionmax=\count196
\beamer@totalheads=\count197
\beamer@headcounter=\count198
\beamer@partstartpage=\count199
\beamer@sectionstartpage=\count266
\beamer@subsectionstartpage=\count267
\beamer@animationtempa=\count268
\beamer@animationtempb=\count269
\beamer@xpos=\count270
\beamer@ypos=\count271
\beamer@ypos@offset=\count272
\beamer@showpartnumber=\count273
\beamer@currentsubsection=\count274
\beamer@coveringdepth=\count275
\beamer@sectionadjust=\count276
\beamer@toclastsection=\count277
\beamer@tocsectionnumber=\count278

(/usr/share/texlive/texmf-dist/tex/latex/beamer/beamerbaseoptions.sty
(/usr/share/texlive/texmf-dist/tex/latex/graphics/keyval.sty
Package: keyval 2022/05/29 v1.15 key=value parser (DPC)
\KV@toks@=\toks17
))
\beamer@paperwidth=\skip49
\beamer@paperheight=\skip50

(/usr/share/texlive/texmf-dist/tex/latex/geometry/geometry.sty
Package: geometry 2020/01/02 v5.9 Page Geometry

(/usr/share/texlive/texmf-dist/tex/generic/iftex/ifvtex.sty
Package: ifvtex 2019/10/25 v1.7 ifvtex legacy package. Use iftex instead.
)
\Gm@cnth=\count279
\Gm@cntv=\count280
\c@Gm@tempcnt=\count281
\Gm@bindingoffset=\dimen156
\Gm@wd@mp=\dimen157
\Gm@odd@mp=\dimen158
\Gm@even@mp=\dimen159
\Gm@layoutwidth=\dimen160
\Gm@layoutheight=\dimen161
\Gm@layouthoffset=\dimen162
\Gm@layoutvoffset=\dimen163
\Gm@dimlist=\toks18
)
(/usr/share/texlive/texmf-dist/tex/latex/pgf/math/pgfmath.sty
(/usr/share/texlive/texmf-dist/tex/latex/pgf/utilities/pgfrcs.sty
(/usr/share/texlive/texmf-dist/tex/generic/pgf/utilities/pgfutil-common.tex
\pgfutil@everybye=\toks19
\pgfutil@tempdima=\dimen164
\pgfutil@tempdimb=\dimen165
)
(/usr/share/texlive/texmf-dist/tex/generic/pgf/utilities/pgfutil-latex.def
\pgfutil@abb=\box60
)
(/usr/share/texlive/texmf-dist/tex/generic/pgf/utilities/pgfrcs.code.tex
(/usr/share/texlive/texmf-dist/tex/generic/pgf/pgf.revision.tex)
Package: pgfrcs 2023-01-15 v3.1.10 (3.1.10)
))
(/usr/share/texlive/texmf-dist/tex/latex/pgf/utilities/pgfkeys.sty
(/usr/share/texlive/texmf-dist/tex/generic/pgf/utilities/pgfkeys.code.tex
\pgfkeys@pathtoks=\toks20
\pgfkeys@temptoks=\toks21

(/usr/share/texlive/texmf-dist/tex/generic/pgf/utilities/pgfkeyslibraryfiltered
.code.tex
\pgfkeys@tmptoks=\toks22
)))
(/usr/share/texlive/texmf-dist/tex/generic/pgf/math/pgfmath.code.tex
(/usr/share/texlive/texmf-dist/tex/generic/pgf/math/pgfmathutil.code.tex
\pgf@x=\dimen166
\pgf@xa=\dimen167
\pgf@xb=\dimen168
\pgf@xc=\dimen169
\pgf@y=\dimen170
\pgf@ya=\dimen171
\pgf@yb=\dimen172
\pgf@yc=\dimen173
\c@pgf@counta=\count282
\c@pgf@countb=\count283
\c@pgf@countc=\count284
\c@pgf@countd=\count285
)
(/usr/share/texlive/texmf-dist/tex/generic/pgf/math/pgfmathparser.code.tex
\pgfmath@dimen=\dimen174
\pgfmath@count=\count286
\pgfmath@box=\box61
\pgfmath@toks=\toks23
\pgfmath@stack@operand=\toks24
\pgfmath@stack@operation=\toks25
)
(/usr/share/texlive/texmf-dist/tex/generic/pgf/math/pgfmathfunctions.code.tex)
(/usr/share/texlive/texmf-dist/tex/generic/pgf/math/pgfmathfunctions.basic.code
.tex)
(/usr/share/texlive/texmf-dist/tex/generic/pgf/math/pgfmathfunctions.trigonomet
ric.code.tex)
(/usr/share/texlive/texmf-dist/tex/generic/pgf/math/pgfmathfunctions.random.cod
e.tex)
(/usr/share/texlive/texmf-dist/tex/generic/pgf/math/pgfmathfunctions.comparison
.code.tex)
(/usr/share/texlive/texmf-dist/tex/generic/pgf/math/pgfmathfunctions.base.code.
tex)
(/usr/share/texlive/texmf-dist/tex/generic/pgf/math/pgfmathfunctions.round.code
.tex)
(/usr/share/texlive/texmf-dist/tex/generic/pgf/math/pgfmathfunctions.misc.code.
tex)
(/usr/share/texlive/texmf-dist/tex/generic/pgf/math/pgfmathfunctions.integerari
thmetics.code.tex)
(/usr/share/texlive/texmf-dist/tex/generic/pgf/math/pgfmathcalc.code.tex)
(/usr/share/texlive/texmf-dist/tex/generic/pgf/math/pgfmathfloat.code.tex
\c@pgfmathroundto@lastzeros=\count287
)))
(/usr/share/texlive/texmf-dist/tex/latex/base/size11.clo
File: size11.clo 2023/05/17 v1.4n Standard LaTeX file (size option)
)
(/usr/share/texlive/texmf-dist/tex/latex/pgf/basiclayer/pgfcore.sty
(/usr/share/texlive/texmf-dist/tex/latex/graphics/graphicx.sty
Package: graphicx 2021/09/16 v1.2d Enhanced LaTeX Graphics (DPC,SPQR)

(/usr/share/texlive/texmf-dist/tex/latex/graphics/graphics.sty
Package: graphics 2022/03/10 v1.4e Standard LaTeX Graphics (DPC,SPQR)

(/usr/share/texlive/texmf-dist/tex/latex/graphics/trig.sty
Package: trig 2021/08/11 v1.11 sin cos tan (DPC)
)
(/usr/share/texlive/texmf-dist/tex/latex/graphics-cfg/graphics.cfg
File: graphics.cfg 2016/06/04 v1.11 sample graphics configuration
)
Package graphics Info: Driver file: pdftex.def on input line 107.

(/usr/share/texlive/texmf-dist/tex/latex/graphics-def/pdftex.def
File: pdftex.def 2022/09/22 v1.2b Graphics/color driver for pdftex
))
\Gin@req@height=\dimen175
\Gin@req@width=\dimen176
)
(/usr/share/texlive/texmf-dist/tex/latex/pgf/systemlayer/pgfsys.sty
(/usr/share/texlive/texmf-dist/tex/generic/pgf/systemlayer/pgfsys.code.tex
Package: pgfsys 2023-01-15 v3.1.10 (3.1.10)
\pgf@x=\dimen177
\pgf@y=\dimen178
\pgf@xa=\dimen179
\pgf@ya=\dimen180
\pgf@xb=\dimen181
\pgf@yb=\dimen182
\pgf@xc=\dimen183
\pgf@yc=\dimen184
\pgf@xd=\dimen185
\pgf@yd=\dimen186
\w@pgf@writea=\write3
\r@pgf@reada=\read2
\c@pgf@counta=\count288
\c@pgf@countb=\count289
\c@pgf@countc=\count290
\c@pgf@countd=\count291
\t@pgf@toka=\toks26
\t@pgf@tokb=\toks27
\t@pgf@tokc=\toks28
\pgf@sys@id@count=\count292

(/usr/share/texlive/texmf-dist/tex/generic/pgf/systemlayer/pgf.cfg
File: pgf.cfg 2023-01-15 v3.1.10 (3.1.10)
)
Driver file for pgf: pgfsys-pdftex.def

(/usr/share/texlive/texmf-dist/tex/generic/pgf/systemlayer/pgfsys-pdftex.def
File: pgfsys-pdftex.def 2023-01-15 v3.1.10 (3.1.10)

(/usr/share/texlive/texmf-dist/tex/generic/pgf/systemlayer/pgfsys-common-pdf.de
f
File: pgfsys-common-pdf.def 2023-01-15 v3.1.10 (3.1.10)
)))
(/usr/share/texlive/texmf-dist/tex/generic/pgf/systemlayer/pgfsyssoftpath.code.
tex
File: pgfsyssoftpath.code.tex 2023-01-15 v3.1.10 (3.1.10)
\pgfsyssoftpath@smallbuffer@items=\count293
\pgfsyssoftpath@bigbuffer@items=\count294
)
(/usr/share/texlive/texmf-dist/tex/generic/pgf/systemlayer/pgfsysprotocol.code.
tex
File: pgfsysprotocol.code.tex 2023-01-15 v3.1.10 (3.1.10)
)) (/usr/share/texlive/texmf-dist/tex/latex/xcolor/xcolor.sty
Package: xcolor 2023/11/15 v3.01 LaTeX color extensions (UK)

(/usr/share/texlive/texmf-dist/tex/latex/graphics-cfg/color.cfg
File: color.cfg 2016/01/02 v1.6 sample color configuration
)
Package xcolor Info: Driver file: pdftex.def on input line 274.

(/usr/share/texlive/texmf-dist/tex/latex/graphics/mathcolor.ltx)
Package xcolor Info: Model `cmy' substituted by `cmy0' on input line 1350.
Package xcolor Info: Model `hsb' substituted by `rgb' on input line 1354.
Package xcolor Info: Model `RGB' extended on input line 1366.
Package xcolor Info: Model `HTML' substituted by `rgb' on input line 1368.
Package xcolor Info: Model `Hsb' substituted by `hsb' on input line 1369.
Package xcolor Info: Model `tHsb' substituted by `hsb' on input line 1370.
Package xcolor Info: Model `HSB' substituted by `hsb' on input line 1371.
Package xcolor Info: Model `Gray' substituted by `gray' on input line 1372.
Package xcolor Info: Model `wave' substituted by `hsb' on input line 1373.
)
(/usr/share/texlive/texmf-dist/tex/generic/pgf/basiclayer/pgfcore.code.tex
Package: pgfcore 2023-01-15 v3.1.10 (3.1.10)

(/usr/share/texlive/texmf-dist/tex/generic/pgf/math/pgfint.code.tex)
(/usr/share/texlive/texmf-dist/tex/generic/pgf/basiclayer/pgfcorepoints.code.te
x
File: pgfcorepoints.code.tex 2023-01-15 v3.1.10 (3.1.10)
\pgf@picminx=\dimen187
\pgf@picmaxx=\dimen188
\pgf@picminy=\dimen189
\pgf@picmaxy=\dimen190
\pgf@pathminx=\dimen191
\pgf@pathmaxx=\dimen192
\pgf@pathminy=\dimen193
\pgf@pathmaxy=\dimen194
\pgf@xx=\dimen195
\pgf@xy=\dimen196
\pgf@yx=\dimen197
\pgf@yy=\dimen198
\pgf@zx=\dimen199
\pgf@zy=\dimen256
)
(/usr/share/texlive/texmf-dist/tex/generic/pgf/basiclayer/pgfcorepathconstruct.
code.tex
File: pgfcorepathconstruct.code.tex 2023-01-15 v3.1.10 (3.1.10)
\pgf@path@lastx=\dimen257
\pgf@path@lasty=\dimen258
)
(/usr/share/texlive/texmf-dist/tex/generic/pgf/basiclayer/pgfcorepathusage.code
.tex
File: pgfcorepathusage.code.tex 2023-01-15 v3.1.10 (3.1.10)
\pgf@shorten@end@additional=\dimen259
\pgf@shorten@start@additional=\dimen260
)
(/usr/share/texlive/texmf-dist/tex/generic/pgf/basiclayer/pgfcorescopes.code.te
x
File: pgfcorescopes.code.tex 2023-01-15 v3.1.10 (3.1.10)
\pgfpic=\box62
\pgf@hbox=\box63
\pgf@layerbox@main=\box64
\pgf@picture@serial@count=\count295
)
(/usr/share/texlive/texmf-dist/tex/generic/pgf/basiclayer/pgfcoregraphicstate.c
ode.tex
File: pgfcoregraphicstate.code.tex 2023-01-15 v3.1.10 (3.1.10)
\pgflinewidth=\dimen261
)
(/usr/share/texlive/texmf-dist/tex/generic/pgf/basiclayer/pgfcoretransformation
s.code.tex
File: pgfcoretransformations.code.tex 2023-01-15 v3.1.10 (3.1.10)
\pgf@pt@x=\dimen262
\pgf@pt@y=\dimen263
\pgf@pt@temp=\dimen264
)
(/usr/share/texlive/texmf-dist/tex/generic/pgf/basiclayer/pgfcorequick.code.tex
File: pgfcorequick.code.tex 2023-01-15 v3.1.10 (3.1.10)
)
(/usr/share/texlive/texmf-dist/tex/generic/pgf/basiclayer/pgfcoreobjects.code.t
ex
File: pgfcoreobjects.code.tex 2023-01-15 v3.1.10 (3.1.10)
)
(/usr/share/texlive/texmf-dist/tex/generic/pgf/basiclayer/pgfcorepathprocessing
.code.tex
File: pgfcorepathprocessing.code.tex 2023-01-15 v3.1.10 (3.1.10)
)
(/usr/share/texlive/texmf-dist/tex/generic/pgf/basiclayer/pgfcorearrows.code.te
x
File: pgfcorearrows.code.tex 2023-01-15 v3.1.10 (3.1.10)
\pgfarrowsep=\dimen265
)
(/usr/share/texlive/texmf-dist/tex/generic/pgf/basiclayer/pgfcoreshade.code.tex
File: pgfcoreshade.code.tex 2023-01-15 v3.1.10 (3.1.10)
\pgf@max=\dimen266
\pgf@sys@shading@range@num=\count296
\pgf@shadingcount=\count297
)
(/usr/share/texlive/texmf-dist/tex/generic/pgf/basiclayer/pgfcoreimage.code.tex
File: pgfcoreimage.code.tex 2023-01-15 v3.1.10 (3.1.10)
)
(/usr/share/texlive/texmf-dist/tex/generic/pgf/basiclayer/pgfcoreexternal.code.
tex
File: pgfcoreexternal.code.tex 2023-01-15 v3.1.10 (3.1.10)
\pgfexternal@startupbox=\box65
)
(/usr/share/texlive/texmf-dist/tex/generic/pgf/basiclayer/pgfcorelayers.code.te
x
File: pgfcorelayers.code.tex 2023-01-15 v3.1.10 (3.1.10)
)
(/usr/share/texlive/texmf-dist/tex/generic/pgf/basiclayer/pgfcoretransparency.c
ode.tex
File: pgfcoretransparency.code.tex 2023-01-15 v3.1.10 (3.1.10)
)
(/usr/share/texlive/texmf-dist/tex/generic/pgf/basiclayer/pgfcorepatterns.code.
tex
File: pgfcorepatterns.code.tex 2023-01-15 v3.1.10 (3.1.10)
)
(/usr/share/texlive/texmf-dist/tex/generic/pgf/basiclayer/pgfcorerdf.code.tex
File: pgfcorerdf.code.tex 2023-01-15 v3.1.10 (3.1.10)
))) (/usr/share/texlive/texmf-dist/tex/latex/pgf/utilities/xxcolor.sty
Package: xxcolor 2003/10/24 ver 0.1
\XC@nummixins=\count298
\XC@countmixins=\count299
)
(/usr/share/texlive/texmf-dist/tex/latex/base/atbegshi-ltx.sty
Package: atbegshi-ltx 2021/01/10 v1.0c Emulation of the original atbegshi
package with kernel methods
)
(/usr/share/texlive/texmf-dist/tex/latex/hyperref/hyperref.sty
Package: hyperref 2024-01-20 v7.01h Hypertext links for LaTeX

(/usr/share/texlive/texmf-dist/tex/latex/kvsetkeys/kvsetkeys.sty
Package: kvsetkeys 2022-10-05 v1.19 Key value parser (HO)
)
(/usr/share/texlive/texmf-dist/tex/generic/kvdefinekeys/kvdefinekeys.sty
Package: kvdefinekeys 2019-12-19 v1.6 Define keys (HO)
)
(/usr/share/texlive/texmf-dist/tex/generic/pdfescape/pdfescape.sty
Package: pdfescape 2019/12/09 v1.15 Implements pdfTeX's escape features (HO)

(/usr/share/texlive/texmf-dist/tex/generic/ltxcmds/ltxcmds.sty
Package: ltxcmds 2023-12-04 v1.26 LaTeX kernel commands for general use (HO)
)
(/usr/share/texlive/texmf-dist/tex/generic/pdftexcmds/pdftexcmds.sty
Package: pdftexcmds 2020-06-27 v0.33 Utility functions of pdfTeX for LuaTeX (HO
)

(/usr/share/texlive/texmf-dist/tex/generic/infwarerr/infwarerr.sty
Package: infwarerr 2019/12/03 v1.5 Providing info/warning/error messages (HO)
)
Package pdftexcmds Info: \pdf@primitive is available.
Package pdftexcmds Info: \pdf@ifprimitive is available.
Package pdftexcmds Info: \pdfdraftmode found.
))
(/usr/share/texlive/texmf-dist/tex/latex/hycolor/hycolor.sty
Package: hycolor 2020-01-27 v1.10 Color options for hyperref/bookmark (HO)
)
(/usr/share/texlive/texmf-dist/tex/latex/auxhook/auxhook.sty
Package: auxhook 2019-12-17 v1.6 Hooks for auxiliary files (HO)
)
(/usr/share/texlive/texmf-dist/tex/latex/hyperref/nameref.sty
Package: nameref 2023-11-26 v2.56 Cross-referencing by name of section

(/usr/share/texlive/texmf-dist/tex/latex/refcount/refcount.sty
Package: refcount 2019/12/15 v3.6 Data extraction from label references (HO)
)
(/usr/share/texlive/texmf-dist/tex/generic/gettitlestring/gettitlestring.sty
Package: gettitlestring 2019/12/15 v1.6 Cleanup title references (HO)

(/usr/share/texlive/texmf-dist/tex/latex/kvoptions/kvoptions.sty
Package: kvoptions 2022-06-15 v3.15 Key value format for package options (HO)
))
\c@section@level=\count300
)
\@linkdim=\dimen267
\Hy@linkcounter=\count301
\Hy@pagecounter=\count302

(/usr/share/texlive/texmf-dist/tex/latex/hyperref/pd1enc.def
File: pd1enc.def 2024-01-20 v7.01h Hyperref: PDFDocEncoding definition (HO)
Now handling font encoding PD1 ...
... no UTF-8 mapping file for font encoding PD1
)
(/usr/share/texlive/texmf-dist/tex/generic/intcalc/intcalc.sty
Package: intcalc 2019/12/15 v1.3 Expandable calculations with integers (HO)
)
\Hy@SavedSpaceFactor=\count303

(/usr/share/texlive/texmf-dist/tex/latex/hyperref/puenc.def
File: puenc.def 2024-01-20 v7.01h Hyperref: PDF Unicode definition (HO)
Now handling font encoding PU ...
... no UTF-8 mapping file for font encoding PU
)
Package hyperref Info: Option `bookmarks' set `true' on input line 4062.
Package hyperref Info: Option `bookmarksopen' set `true' on input line 4062.
Package hyperref Info: Option `implicit' set `false' on input line 4062.
Package hyperref Info: Hyper figures OFF on input line 4179.
Package hyperref Info: Link nesting OFF on input line 4184.
Package hyperref Info: Hyper index ON on input line 4187.
Package hyperref Info: Plain pages OFF on input line 4194.
Package hyperref Info: Backreferencing OFF on input line 4199.
Package hyperref Info: Implicit mode OFF; no redefinition of LaTeX internals.
Package hyperref Info: Bookmarks ON on input line 4446.
\c@Hy@tempcnt=\count304

(/usr/share/texlive/texmf-dist/tex/latex/url/url.sty
\Urlmuskip=\muskip16
Package: url 2013/09/16  ver 3.4  Verb mode for urls, etc.
)
LaTeX Info: Redefining \url on input line 4784.
\XeTeXLinkMargin=\dimen268

(/usr/share/texlive/texmf-dist/tex/generic/bitset/bitset.sty
Package: bitset 2019/12/09 v1.3 Handle bit-vector datatype (HO)

(/usr/share/texlive/texmf-dist/tex/generic/bigintcalc/bigintcalc.sty
Package: bigintcalc 2019/12/15 v1.5 Expandable calculations on big integers (HO
)
))
\Fld@menulength=\count305
\Field@Width=\dimen269
\Fld@charsize=\dimen270
Package hyperref Info: Hyper figures OFF on input line 6063.
Package hyperref Info: Link nesting OFF on input line 6068.
Package hyperref Info: Hyper index ON on input line 6071.
Package hyperref Info: backreferencing OFF on input line 6078.
Package hyperref Info: Link coloring OFF on input line 6083.
Package hyperref Info: Link coloring with OCG OFF on input line 6088.
Package hyperref Info: PDF/A mode OFF on input line 6093.
\Hy@abspage=\count306


Package hyperref Message: Stopped early.

)
Package hyperref Info: Driver (autodetected): hpdftex.
 (/usr/share/texlive/texmf-dist/tex/latex/hyperref/hpdftex.def
File: hpdftex.def 2024-01-20 v7.01h Hyperref driver for pdfTeX

(/usr/share/texlive/texmf-dist/tex/latex/base/atveryend-ltx.sty
Package: atveryend-ltx 2020/08/19 v1.0a Emulation of the original atveryend pac
kage
with kernel methods
)
\Fld@listcount=\count307
\c@bookmark@seq@number=\count308

(/usr/share/texlive/texmf-dist/tex/latex/rerunfilecheck/rerunfilecheck.sty
Package: rerunfilecheck 2022-07-10 v1.10 Rerun checks for auxiliary files (HO)

(/usr/share/texlive/texmf-dist/tex/generic/uniquecounter/uniquecounter.sty
Package: uniquecounter 2019/12/15 v1.4 Provide unlimited unique counter (HO)
)
Package uniquecounter Info: New unique counter `rerunfilecheck' on input line 2
85.
))
(/usr/share/texlive/texmf-dist/tex/latex/beamer/beamerbaserequires.sty
(/usr/share/texlive/texmf-dist/tex/latex/beamer/beamerbasecompatibility.sty)
(/usr/share/texlive/texmf-dist/tex/latex/beamer/beamerbasefont.sty
(/usr/share/texlive/texmf-dist/tex/latex/amsfonts/amssymb.sty
Package: amssymb 2013/01/14 v3.01 AMS font symbols

(/usr/share/texlive/texmf-dist/tex/latex/amsfonts/amsfonts.sty
Package: amsfonts 2013/01/14 v3.01 Basic AMSFonts support
\@emptytoks=\toks29
\symAMSa=\mathgroup4
\symAMSb=\mathgroup5
LaTeX Font Info:    Redeclaring math symbol \hbar on input line 98.
LaTeX Font Info:    Overwriting math alphabet `\mathfrak' in version `bold'
(Font)                  U/euf/m/n --> U/euf/b/n on input line 106.
))
(/usr/share/texlive/texmf-dist/tex/latex/sansmathaccent/sansmathaccent.sty
Package: sansmathaccent 2020/01/31

(/usr/share/texlive/texmf-dist/tex/latex/koma-script/scrlfile.sty
Package: scrlfile 2023/07/07 v3.41 KOMA-Script package (file load hooks)

(/usr/share/texlive/texmf-dist/tex/latex/koma-script/scrlfile-hook.sty
Package: scrlfile-hook 2023/07/07 v3.41 KOMA-Script package (using LaTeX hooks)


(/usr/share/texlive/texmf-dist/tex/latex/koma-script/scrlogo.sty
Package: scrlogo 2023/07/07 v3.41 KOMA-Script package (logo)
)))))
(/usr/share/texlive/texmf-dist/tex/latex/beamer/beamerbasetranslator.sty
(/usr/share/texlive/texmf-dist/tex/latex/translator/translator.sty
Package: translator 2021-05-31 v1.12d Easy translation of strings in LaTeX
))
(/usr/share/texlive/texmf-dist/tex/latex/beamer/beamerbasemisc.sty)
(/usr/share/texlive/texmf-dist/tex/latex/beamer/beamerbasetwoscreens.sty)
(/usr/share/texlive/texmf-dist/tex/latex/beamer/beamerbaseoverlay.sty
\beamer@argscount=\count309
\beamer@lastskipcover=\skip51
\beamer@trivlistdepth=\count310
)
(/usr/share/texlive/texmf-dist/tex/latex/beamer/beamerbasetitle.sty)
(/usr/share/texlive/texmf-dist/tex/latex/beamer/beamerbasesection.sty
\c@lecture=\count311
\c@part=\count312
\c@section=\count313
\c@subsection=\count314
\c@subsubsection=\count315
)
(/usr/share/texlive/texmf-dist/tex/latex/beamer/beamerbaseframe.sty
\beamer@framebox=\box66
\beamer@frametitlebox=\box67
\beamer@zoombox=\box68
\beamer@zoomcount=\count316
\beamer@zoomframecount=\count317
\beamer@frametextheight=\dimen271
\c@subsectionslide=\count318
\beamer@frametopskip=\skip52
\beamer@framebottomskip=\skip53
\beamer@frametopskipautobreak=\skip54
\beamer@framebottomskipautobreak=\skip55
\beamer@envbody=\toks30
\framewidth=\dimen272
\c@framenumber=\count319
)
(/usr/share/texlive/texmf-dist/tex/latex/beamer/beamerbaseverbatim.sty
\beamer@verbatimfileout=\write4
)
(/usr/share/texlive/texmf-dist/tex/latex/beamer/beamerbaseframesize.sty
\beamer@splitbox=\box69
\beamer@autobreakcount=\count320
\beamer@autobreaklastheight=\dimen273
\beamer@frametitletoks=\toks31
\beamer@framesubtitletoks=\toks32
)
(/usr/share/texlive/texmf-dist/tex/latex/beamer/beamerbaseframecomponents.sty
\beamer@footins=\box70
)
(/usr/share/texlive/texmf-dist/tex/latex/beamer/beamerbasecolor.sty)
(/usr/share/texlive/texmf-dist/tex/latex/beamer/beamerbasenotes.sty
\beamer@frameboxcopy=\box71
)
(/usr/share/texlive/texmf-dist/tex/latex/beamer/beamerbasetoc.sty)
(/usr/share/texlive/texmf-dist/tex/latex/beamer/beamerbasetemplates.sty
\beamer@sbttoks=\toks33

(/usr/share/texlive/texmf-dist/tex/latex/beamer/beamerbaseauxtemplates.sty
(/usr/share/texlive/texmf-dist/tex/latex/beamer/beamerbaseboxes.sty
\bmb@box=\box72
\bmb@colorbox=\box73
\bmb@boxwidth=\dimen274
\bmb@boxheight=\dimen275
\bmb@prevheight=\dimen276
\bmb@temp=\dimen277
\bmb@dima=\dimen278
\bmb@dimb=\dimen279
\bmb@prevheight=\dimen280
)
\beamer@blockheadheight=\dimen281
))
(/usr/share/texlive/texmf-dist/tex/latex/beamer/beamerbaselocalstructure.sty
(/usr/share/texlive/texmf-dist/tex/latex/tools/enumerate.sty
Package: enumerate 2023/07/04 v3.00 enumerate extensions (DPC)
\@enLab=\toks34
)
\beamer@bibiconwidth=\skip56
\c@figure=\count321
\c@table=\count322
\abovecaptionskip=\skip57
\belowcaptionskip=\skip58
)
(/usr/share/texlive/texmf-dist/tex/latex/beamer/beamerbasenavigation.sty
(/usr/share/texlive/texmf-dist/tex/latex/beamer/beamerbasenavigationsymbols.tex
)
\beamer@section@min@dim=\dimen282
) (/usr/share/texlive/texmf-dist/tex/latex/beamer/beamerbasetheorems.sty
(/usr/share/texlive/texmf-dist/tex/latex/amsmath/amsmath.sty
Package: amsmath 2023/05/13 v2.17o AMS math features
\@mathmargin=\skip59

For additional information on amsmath, use the `?' option.
(/usr/share/texlive/texmf-dist/tex/latex/amsmath/amstext.sty
Package: amstext 2021/08/26 v2.01 AMS text

(/usr/share/texlive/texmf-dist/tex/latex/amsmath/amsgen.sty
File: amsgen.sty 1999/11/30 v2.0 generic functions
\@emptytoks=\toks35
\ex@=\dimen283
))
(/usr/share/texlive/texmf-dist/tex/latex/amsmath/amsbsy.sty
Package: amsbsy 1999/11/29 v1.2d Bold Symbols
\pmbraise@=\dimen284
)
(/usr/share/texlive/texmf-dist/tex/latex/amsmath/amsopn.sty
Package: amsopn 2022/04/08 v2.04 operator names
)
\inf@bad=\count323
LaTeX Info: Redefining \frac on input line 234.
\uproot@=\count324
\leftroot@=\count325
LaTeX Info: Redefining \overline on input line 399.
LaTeX Info: Redefining \colon on input line 410.
\classnum@=\count326
\DOTSCASE@=\count327
LaTeX Info: Redefining \ldots on input line 496.
LaTeX Info: Redefining \dots on input line 499.
LaTeX Info: Redefining \cdots on input line 620.
\Mathstrutbox@=\box74
\strutbox@=\box75
LaTeX Info: Redefining \big on input line 722.
LaTeX Info: Redefining \Big on input line 723.
LaTeX Info: Redefining \bigg on input line 724.
LaTeX Info: Redefining \Bigg on input line 725.
\big@size=\dimen285
LaTeX Font Info:    Redeclaring font encoding OML on input line 743.
LaTeX Font Info:    Redeclaring font encoding OMS on input line 744.
\macc@depth=\count328
LaTeX Info: Redefining \bmod on input line 905.
LaTeX Info: Redefining \pmod on input line 910.
LaTeX Info: Redefining \smash on input line 940.
LaTeX Info: Redefining \relbar on input line 970.
LaTeX Info: Redefining \Relbar on input line 971.
\c@MaxMatrixCols=\count329
\dotsspace@=\muskip17
\c@parentequation=\count330
\dspbrk@lvl=\count331
\tag@help=\toks36
\row@=\count332
\column@=\count333
\maxfields@=\count334
\andhelp@=\toks37
\eqnshift@=\dimen286
\alignsep@=\dimen287
\tagshift@=\dimen288
\tagwidth@=\dimen289
\totwidth@=\dimen290
\lineht@=\dimen291
\@envbody=\toks38
\multlinegap=\skip60
\multlinetaggap=\skip61
\mathdisplay@stack=\toks39
LaTeX Info: Redefining \[ on input line 2953.
LaTeX Info: Redefining \] on input line 2954.
)
(/usr/share/texlive/texmf-dist/tex/latex/amscls/amsthm.sty
Package: amsthm 2020/05/29 v2.20.6
\thm@style=\toks40
\thm@bodyfont=\toks41
\thm@headfont=\toks42
\thm@notefont=\toks43
\thm@headpunct=\toks44
\thm@preskip=\skip62
\thm@postskip=\skip63
\thm@headsep=\skip64
\dth@everypar=\toks45
)
\c@theorem=\count335
)
(/usr/share/texlive/texmf-dist/tex/latex/beamer/beamerbasethemes.sty))
(/usr/share/texlive/texmf-dist/tex/latex/beamer/beamerthemedefault.sty
(/usr/share/texlive/texmf-dist/tex/latex/beamer/beamerfontthemedefault.sty)
(/usr/share/texlive/texmf-dist/tex/latex/beamer/beamercolorthemedefault.sty)
(/usr/share/texlive/texmf-dist/tex/latex/beamer/beamerinnerthemedefault.sty
\beamer@dima=\dimen292
\beamer@dimb=\dimen293
)
(/usr/share/texlive/texmf-dist/tex/latex/beamer/beamerouterthemedefault.sty)))
(/usr/share/texlive/texmf-dist/tex/latex/beamer/beamerthemeMadrid.sty
(/usr/share/texlive/texmf-dist/tex/latex/beamer/beamercolorthemewhale.sty)
(/usr/share/texlive/texmf-dist/tex/latex/beamer/beamercolorthemeorchid.sty)
(/usr/share/texlive/texmf-dist/tex/latex/beamer/beamerinnerthemerounded.sty)
(/usr/share/texlive/texmf-dist/tex/latex/beamer/beamerouterthemeinfolines.sty))
(/usr/share/texlive/texmf-dist/tex/latex/base/inputenc.sty
Package: inputenc 2021/02/14 v1.3d Input encoding file
\inpenc@prehook=\toks46
\inpenc@posthook=\toks47
)
(/usr/share/texlive/texmf-dist/tex/latex/pgf/frontendlayer/tikz.sty
(/usr/share/texlive/texmf-dist/tex/latex/pgf/basiclayer/pgf.sty
Package: pgf 2023-01-15 v3.1.10 (3.1.10)

(/usr/share/texlive/texmf-dist/tex/generic/pgf/modules/pgfmoduleshapes.code.tex
File: pgfmoduleshapes.code.tex 2023-01-15 v3.1.10 (3.1.10)
\pgfnodeparttextbox=\box76
) (/usr/share/texlive/texmf-dist/tex/generic/pgf/modules/pgfmoduleplot.code.tex
File: pgfmoduleplot.code.tex 2023-01-15 v3.1.10 (3.1.10)
)
(/usr/share/texlive/texmf-dist/tex/latex/pgf/compatibility/pgfcomp-version-0-65
.sty
Package: pgfcomp-version-0-65 2023-01-15 v3.1.10 (3.1.10)
\pgf@nodesepstart=\dimen294
\pgf@nodesepend=\dimen295
)
(/usr/share/texlive/texmf-dist/tex/latex/pgf/compatibility/pgfcomp-version-1-18
.sty
Package: pgfcomp-version-1-18 2023-01-15 v3.1.10 (3.1.10)
)) (/usr/share/texlive/texmf-dist/tex/latex/pgf/utilities/pgffor.sty
(/usr/share/texlive/texmf-dist/tex/generic/pgf/utilities/pgffor.code.tex
Package: pgffor 2023-01-15 v3.1.10 (3.1.10)
\pgffor@iter=\dimen296
\pgffor@skip=\dimen297
\pgffor@stack=\toks48
\pgffor@toks=\toks49
))
(/usr/share/texlive/texmf-dist/tex/generic/pgf/frontendlayer/tikz/tikz.code.tex
Package: tikz 2023-01-15 v3.1.10 (3.1.10)

(/usr/share/texlive/texmf-dist/tex/generic/pgf/libraries/pgflibraryplothandlers
.code.tex
File: pgflibraryplothandlers.code.tex 2023-01-15 v3.1.10 (3.1.10)
\pgf@plot@mark@count=\count336
\pgfplotmarksize=\dimen298
)
\tikz@lastx=\dimen299
\tikz@lasty=\dimen300
\tikz@lastxsaved=\dimen301
\tikz@lastysaved=\dimen302
\tikz@lastmovetox=\dimen303
\tikz@lastmovetoy=\dimen304
\tikzleveldistance=\dimen305
\tikzsiblingdistance=\dimen306
\tikz@figbox=\box77
\tikz@figbox@bg=\box78
\tikz@tempbox=\box79
\tikz@tempbox@bg=\box80
\tikztreelevel=\count337
\tikznumberofchildren=\count338
\tikznumberofcurrentchild=\count339
\tikz@fig@count=\count340

(/usr/share/texlive/texmf-dist/tex/generic/pgf/modules/pgfmodulematrix.code.tex
File: pgfmodulematrix.code.tex 2023-01-15 v3.1.10 (3.1.10)
\pgfmatrixcurrentrow=\count341
\pgfmatrixcurrentcolumn=\count342
\pgf@matrix@numberofcolumns=\count343
)
\tikz@expandcount=\count344

(/usr/share/texlive/texmf-dist/tex/generic/pgf/frontendlayer/tikz/libraries/tik
zlibrarytopaths.code.tex
File: tikzlibrarytopaths.code.tex 2023-01-15 v3.1.10 (3.1.10)
)))
(/usr/share/texlive/texmf-dist/tex/latex/l3backend/l3backend-pdftex.def
File: l3backend-pdftex.def 2024-01-04 L3 backend support: PDF output (pdfTeX)
\l__color_backend_stack_int=\count345
\l__pdf_internal_box=\box81
)
(./part3.aux)
\openout1 = `part3.aux'.

LaTeX Font Info:    Checking defaults for OML/cmm/m/it on input line 15.
LaTeX Font Info:    ... okay on input line 15.
LaTeX Font Info:    Checking defaults for OMS/cmsy/m/n on input line 15.
LaTeX Font Info:    ... okay on input line 15.
LaTeX Font Info:    Checking defaults for OT1/cmr/m/n on input line 15.
LaTeX Font Info:    ... okay on input line 15.
LaTeX Font Info:    Checking defaults for T1/cmr/m/n on input line 15.
LaTeX Font Info:    ... okay on input line 15.
LaTeX Font Info:    Checking defaults for TS1/cmr/m/n on input line 15.
LaTeX Font Info:    ... okay on input line 15.
LaTeX Font Info:    Checking defaults for OMX/cmex/m/n on input line 15.
LaTeX Font Info:    ... okay on input line 15.
LaTeX Font Info:    Checking defaults for U/cmr/m/n on input line 15.
LaTeX Font Info:    ... okay on input line 15.
LaTeX Font Info:    Checking defaults for PD1/pdf/m/n on input line 15.
LaTeX Font Info:    ... okay on input line 15.
LaTeX Font Info:    Checking defaults for PU/pdf/m/n on input line 15.
LaTeX Font Info:    ... okay on input line 15.

*geometry* driver: auto-detecting
*geometry* detected driver: pdftex
*geometry* verbose mode - [ preamble ] result:
* driver: pdftex
* paper: custom
* layout: <same size as paper>
* layoutoffset:(h,v)=(0.0pt,0.0pt)
* modes: includehead includefoot 
* h-part:(L,W,R)=(10.95003pt, 342.2953pt, 10.95003pt)
* v-part:(T,H,B)=(0.0pt, 273.14662pt, 0.0pt)
* \paperwidth=364.19536pt
* \paperheight=273.14662pt
* \textwidth=342.2953pt
* \textheight=244.6939pt
* \oddsidemargin=-61.31996pt
* \evensidemargin=-61.31996pt
* \topmargin=-72.26999pt
* \headheight=14.22636pt
* \headsep=0.0pt
* \topskip=11.0pt
* \footskip=14.22636pt
* \marginparwidth=4.0pt
* \marginparsep=10.0pt
* \columnsep=10.0pt
* \skip\footins=10.0pt plus 4.0pt minus 2.0pt
* \hoffset=0.0pt
* \voffset=0.0pt
* \mag=1000
* \@twocolumnfalse
* \@twosidefalse
* \@mparswitchfalse
* \@reversemarginfalse
* (1in=72.27pt=25.4mm, 1cm=28.453pt)

(/usr/share/texlive/texmf-dist/tex/context/base/mkii/supp-pdf.mkii
[Loading MPS to PDF converter (version 2006.09.02).]
\scratchcounter=\count346
\scratchdimen=\dimen307
\scratchbox=\box82
\nofMPsegments=\count347
\nofMParguments=\count348
\everyMPshowfont=\toks50
\MPscratchCnt=\count349
\MPscratchDim=\dimen308
\MPnumerator=\count350
\makeMPintoPDFobject=\count351
\everyMPtoPDFconversion=\toks51
) (/usr/share/texlive/texmf-dist/tex/latex/epstopdf-pkg/epstopdf-base.sty
Package: epstopdf-base 2020-01-24 v2.11 Base part for package epstopdf
Package epstopdf-base Info: Redefining graphics rule for `.eps' on input line 4
85.

(/usr/share/texlive/texmf-dist/tex/latex/latexconfig/epstopdf-sys.cfg
File: epstopdf-sys.cfg 2010/07/13 v1.3 Configuration of (r)epstopdf for TeX Liv
e
))
Package hyperref Info: Link coloring OFF on input line 15.

(./part3.out) (./part3.out)
\@outlinefile=\write5
\openout5 = `part3.out'.

LaTeX Font Info:    Overwriting symbol font `operators' in version `normal'
(Font)                  OT1/cmr/m/n --> OT1/cmss/m/n on input line 15.
LaTeX Font Info:    Overwriting symbol font `operators' in version `bold'
(Font)                  OT1/cmr/bx/n --> OT1/cmss/b/n on input line 15.
\symnumbers=\mathgroup6
\sympureletters=\mathgroup7
LaTeX Font Info:    Overwriting math alphabet `\mathrm' in version `normal'
(Font)                  OT1/cmss/m/n --> OT1/cmr/m/n on input line 15.
LaTeX Font Info:    Redeclaring math alphabet \mathbf on input line 15.
LaTeX Font Info:    Overwriting math alphabet `\mathbf' in version `normal'
(Font)                  OT1/cmr/bx/n --> OT1/cmss/b/n on input line 15.
LaTeX Font Info:    Overwriting math alphabet `\mathbf' in version `bold'
(Font)                  OT1/cmr/bx/n --> OT1/cmss/b/n on input line 15.
LaTeX Font Info:    Redeclaring math alphabet \mathsf on input line 15.
LaTeX Font Info:    Overwriting math alphabet `\mathsf' in version `normal'
(Font)                  OT1/cmss/m/n --> OT1/cmss/m/n on input line 15.
LaTeX Font Info:    Overwriting math alphabet `\mathsf' in version `bold'
(Font)                  OT1/cmss/bx/n --> OT1/cmss/m/n on input line 15.
LaTeX Font Info:    Redeclaring math alphabet \mathit on input line 15.
LaTeX Font Info:    Overwriting math alphabet `\mathit' in version `normal'
(Font)                  OT1/cmr/m/it --> OT1/cmss/m/it on input line 15.
LaTeX Font Info:    Overwriting math alphabet `\mathit' in version `bold'
(Font)                  OT1/cmr/bx/it --> OT1/cmss/m/it on input line 15.
LaTeX Font Info:    Redeclaring math alphabet \mathtt on input line 15.
LaTeX Font Info:    Overwriting math alphabet `\mathtt' in version `normal'
(Font)                  OT1/cmtt/m/n --> OT1/cmtt/m/n on input line 15.
LaTeX Font Info:    Overwriting math alphabet `\mathtt' in version `bold'
(Font)                  OT1/cmtt/m/n --> OT1/cmtt/m/n on input line 15.
LaTeX Font Info:    Overwriting symbol font `numbers' in version `bold'
(Font)                  OT1/cmss/m/n --> OT1/cmss/b/n on input line 15.
LaTeX Font Info:    Overwriting symbol font `pureletters' in version `bold'
(Font)                  OT1/cmss/m/it --> OT1/cmss/b/it on input line 15.
LaTeX Font Info:    Overwriting math alphabet `\mathrm' in version `bold'
(Font)                  OT1/cmss/b/n --> OT1/cmr/b/n on input line 15.
LaTeX Font Info:    Overwriting math alphabet `\mathbf' in version `bold'
(Font)                  OT1/cmss/b/n --> OT1/cmss/b/n on input line 15.
LaTeX Font Info:    Overwriting math alphabet `\mathsf' in version `bold'
(Font)                  OT1/cmss/m/n --> OT1/cmss/b/n on input line 15.
LaTeX Font Info:    Overwriting math alphabet `\mathit' in version `bold'
(Font)                  OT1/cmss/m/it --> OT1/cmss/b/it on input line 15.
LaTeX Font Info:    Overwriting math alphabet `\mathtt' in version `bold'
(Font)                  OT1/cmtt/m/n --> OT1/cmtt/b/n on input line 15.
LaTeX Font Info:    Redeclaring symbol font `pureletters' on input line 15.
LaTeX Font Info:    Overwriting symbol font `pureletters' in version `normal'
(Font)                  OT1/cmss/m/it --> OT1/mathkerncmss/m/sl on input line 1
5.
LaTeX Font Info:    Overwriting symbol font `pureletters' in version `bold'
(Font)                  OT1/cmss/b/it --> OT1/mathkerncmss/m/sl on input line 1
5.
LaTeX Font Info:    Overwriting symbol font `pureletters' in version `bold'
(Font)                  OT1/mathkerncmss/m/sl --> OT1/mathkerncmss/bx/sl on inp
ut line 15.

(/usr/share/texlive/texmf-dist/tex/latex/translator/translator-basic-dictionary
-English.dict
Dictionary: translator-basic-dictionary, Language: English 
)
(/usr/share/texlive/texmf-dist/tex/latex/translator/translator-bibliography-dic
tionary-English.dict
Dictionary: translator-bibliography-dictionary, Language: English 
)
(/usr/share/texlive/texmf-dist/tex/latex/translator/translator-environment-dict
ionary-English.dict
Dictionary: translator-environment-dictionary, Language: English 
)
(/usr/share/texlive/texmf-dist/tex/latex/translator/translator-months-dictionar
y-English.dict
Dictionary: translator-months-dictionary, Language: English 
)
(/usr/share/texlive/texmf-dist/tex/latex/translator/translator-numbers-dictiona
ry-English.dict
Dictionary: translator-numbers-dictionary, Language: English 
)
(/usr/share/texlive/texmf-dist/tex/latex/translator/translator-theorem-dictiona
ry-English.dict
Dictionary: translator-theorem-dictionary, Language: English 
) (./part3.nav)
Overfull \hbox (10.02994pt too wide) in paragraph at lines 15--15
 [][][][]  
 []


Overfull \hbox (10.02994pt too wide) in paragraph at lines 19--19
 [][][][]  
 []


Overfull \hbox (10.02994pt too wide) has occurred while \output is active
 [][][][]  
 []

[1

{/var/lib/texmf/fonts/map/pdftex/updmap/pdftex.map}]
Overfull \hbox (10.02994pt too wide) in paragraph at lines 23--23
 [][][][]  
 []

(./part3.toc)
Overfull \hbox (10.02994pt too wide) has occurred while \output is active
 [][][][]  
 []

[2

]
Overfull \hbox (10.02994pt too wide) in paragraph at lines 39--39
 [][][][]  
 []


Overfull \hbox (10.02994pt too wide) has occurred while \output is active
 [][][][]  
 []

[3

]
Overfull \hbox (10.02994pt too wide) in paragraph at lines 53--53
 [][][][]  
 []


Overfull \hbox (10.02994pt too wide) has occurred while \output is active
 [][][][]  
 []

[4

]
Overfull \hbox (10.02994pt too wide) in paragraph at lines 65--65
 [][][][]  
 []


Overfull \hbox (10.02994pt too wide) has occurred while \output is active
 [][][][]  
 []

[5

]
Overfull \hbox (10.02994pt too wide) in paragraph at lines 79--79
 [][][][]  
 []


Overfull \hbox (10.02994pt too wide) has occurred while \output is active
 [][][][]  
 []

[6

]
Overfull \hbox (10.02994pt too wide) in paragraph at lines 91--91
 [][][][]  
 []


Overfull \hbox (10.02994pt too wide) has occurred while \output is active
 [][][][]  
 []

[7

]
Overfull \hbox (10.02994pt too wide) in paragraph at lines 105--105
 [][][][]  
 []


Overfull \hbox (10.02994pt too wide) has occurred while \output is active
 [][][][]  
 []

[8

]
Overfull \hbox (10.02994pt too wide) in paragraph at lines 117--117
 [][][][]  
 []


Overfull \hbox (10.02994pt too wide) has occurred while \output is active
 [][][][]  
 []

[9

]
Overfull \hbox (10.02994pt too wide) in paragraph at lines 131--131
 [][][][]  
 []


Overfull \hbox (10.02994pt too wide) has occurred while \output is active
 [][][][]  
 []

[10

]
Overfull \hbox (10.02994pt too wide) in paragraph at lines 143--143
 [][][][]  
 []


Overfull \hbox (10.02994pt too wide) has occurred while \output is active
 [][][][]  
 []

[11

]
Overfull \hbox (10.02994pt too wide) in paragraph at lines 157--157
 [][][][]  
 []


Overfull \hbox (10.02994pt too wide) has occurred while \output is active
 [][][][]  
 []

[12

]
Overfull \hbox (10.02994pt too wide) in paragraph at lines 169--169
 [][][][]  
 []


Overfull \hbox (10.02994pt too wide) has occurred while \output is active
 [][][][]  
 []

[13

]
Overfull \hbox (10.02994pt too wide) in paragraph at lines 183--183
 [][][][]  
 []


Overfull \hbox (10.02994pt too wide) has occurred while \output is active
 [][][][]  
 []

[14

]
Overfull \hbox (10.02994pt too wide) in paragraph at lines 195--195
 [][][][]  
 []


Overfull \hbox (10.02994pt too wide) has occurred while \output is active
 [][][][]  
 []

[15

]
Overfull \hbox (10.02994pt too wide) in paragraph at lines 209--209
 [][][][]  
 []


Overfull \hbox (10.02994pt too wide) has occurred while \output is active
 [][][][]  
 []

[16

]
Overfull \hbox (10.02994pt too wide) in paragraph at lines 221--221
 [][][][]  
 []


Overfull \hbox (10.02994pt too wide) has occurred while \output is active
 [][][][]  
 []

[17

]
Overfull \hbox (10.02994pt too wide) in paragraph at lines 235--235
 [][][][]  
 []


Overfull \hbox (10.02994pt too wide) has occurred while \output is active
 [][][][]  
 []

[18

]
Overfull \hbox (10.02994pt too wide) in paragraph at lines 247--247
 [][][][]  
 []


Overfull \hbox (10.02994pt too wide) has occurred while \output is active
 [][][][]  
 []

[19

]
Overfull \hbox (10.02994pt too wide) in paragraph at lines 261--261
 [][][][]  
 []


Overfull \hbox (10.02994pt too wide) has occurred while \output is active
 [][][][]  
 []

[20

]
Overfull \hbox (10.02994pt too wide) in paragraph at lines 273--273
 [][][][]  
 []


Overfull \hbox (10.02994pt too wide) has occurred while \output is active
 [][][][]  
 []

[21

]
Overfull \hbox (10.02994pt too wide) in paragraph at lines 287--287
 [][][][]  
 []


Overfull \hbox (10.02994pt too wide) has occurred while \output is active
 [][][][]  
 []

[22

]
Overfull \hbox (10.02994pt too wide) in paragraph at lines 299--299
 [][][][]  
 []


Overfull \hbox (10.02994pt too wide) has occurred while \output is active
 [][][][]  
 []

[23

]
Overfull \hbox (10.02994pt too wide) in paragraph at lines 313--313
 [][][][]  
 []


Overfull \hbox (10.02994pt too wide) has occurred while \output is active
 [][][][]  
 []

[24

]
Overfull \hbox (10.02994pt too wide) in paragraph at lines 325--325
 [][][][]  
 []


Overfull \hbox (10.02994pt too wide) has occurred while \output is active
 [][][][]  
 []

[25

]
Overfull \hbox (10.02994pt too wide) in paragraph at lines 339--339
 [][][][]  
 []


Overfull \hbox (10.02994pt too wide) has occurred while \output is active
 [][][][]  
 []

[26

]
Overfull \hbox (10.02994pt too wide) in paragraph at lines 351--351
 [][][][]  
 []


Overfull \hbox (10.02994pt too wide) has occurred while \output is active
 [][][][]  
 []

[27

]
Overfull \hbox (10.02994pt too wide) in paragraph at lines 365--365
 [][][][]  
 []


Overfull \hbox (10.02994pt too wide) has occurred while \output is active
 [][][][]  
 []

[28

]
Overfull \hbox (10.02994pt too wide) in paragraph at lines 377--377
 [][][][]  
 []


Overfull \hbox (10.02994pt too wide) has occurred while \output is active
 [][][][]  
 []

[29

]
Overfull \hbox (10.02994pt too wide) in paragraph at lines 391--391
 [][][][]  
 []


Overfull \hbox (10.02994pt too wide) has occurred while \output is active
 [][][][]  
 []

[30

]
Overfull \hbox (10.02994pt too wide) in paragraph at lines 403--403
 [][][][]  
 []


Overfull \hbox (10.02994pt too wide) has occurred while \output is active
 [][][][]  
 []

[31

]
Overfull \hbox (10.02994pt too wide) in paragraph at lines 417--417
 [][][][]  
 []


Overfull \hbox (10.02994pt too wide) has occurred while \output is active
 [][][][]  
 []

[32

]
Overfull \hbox (10.02994pt too wide) in paragraph at lines 429--429
 [][][][]  
 []


Overfull \hbox (10.02994pt too wide) has occurred while \output is active
 [][][][]  
 []

[33

]
Overfull \hbox (10.02994pt too wide) in paragraph at lines 443--443
 [][][][]  
 []


Overfull \hbox (10.02994pt too wide) has occurred while \output is active
 [][][][]  
 []

[34

]
Overfull \hbox (10.02994pt too wide) in paragraph at lines 455--455
 [][][][]  
 []


Overfull \hbox (10.02994pt too wide) has occurred while \output is active
 [][][][]  
 []

[35

]
Overfull \hbox (10.02994pt too wide) in paragraph at lines 469--469
 [][][][]  
 []


Overfull \hbox (10.02994pt too wide) has occurred while \output is active
 [][][][]  
 []

[36

]
Overfull \hbox (10.02994pt too wide) in paragraph at lines 481--481
 [][][][]  
 []


Overfull \hbox (10.02994pt too wide) has occurred while \output is active
 [][][][]  
 []

[37

]
Overfull \hbox (10.02994pt too wide) in paragraph at lines 495--495
 [][][][]  
 []


Overfull \hbox (10.02994pt too wide) has occurred while \output is active
 [][][][]  
 []

[38

]
Overfull \hbox (10.02994pt too wide) in paragraph at lines 507--507
 [][][][]  
 []


Overfull \hbox (10.02994pt too wide) has occurred while \output is active
 [][][][]  
 []

[39

]
Overfull \hbox (10.02994pt too wide) in paragraph at lines 521--521
 [][][][]  
 []


Overfull \hbox (10.02994pt too wide) has occurred while \output is active
 [][][][]  
 []

[40

]
Overfull \hbox (10.02994pt too wide) in paragraph at lines 533--533
 [][][][]  
 []


Overfull \hbox (10.02994pt too wide) has occurred while \output is active
 [][][][]  
 []

[41

]
Overfull \hbox (10.02994pt too wide) in paragraph at lines 547--547
 [][][][]  
 []


Overfull \hbox (10.02994pt too wide) has occurred while \output is active
 [][][][]  
 []

[42

]
Overfull \hbox (10.02994pt too wide) in paragraph at lines 559--559
 [][][][]  
 []


Overfull \hbox (10.02994pt too wide) has occurred while \output is active
 [][][][]  
 []

[43

]
Overfull \hbox (10.02994pt too wide) in paragraph at lines 573--573
 [][][][]  
 []


Overfull \hbox (10.02994pt too wide) has occurred while \output is active
 [][][][]  
 []

[44

]
Overfull \hbox (10.02994pt too wide) in paragraph at lines 585--585
 [][][][]  
 []


Overfull \hbox (10.02994pt too wide) has occurred while \output is active
 [][][][]  
 []

[45

]
Overfull \hbox (10.02994pt too wide) in paragraph at lines 599--599
 [][][][]  
 []


Overfull \hbox (10.02994pt too wide) has occurred while \output is active
 [][][][]  
 []

[46

]
Overfull \hbox (10.02994pt too wide) in paragraph at lines 611--611
 [][][][]  
 []


Overfull \hbox (10.02994pt too wide) has occurred while \output is active
 [][][][]  
 []

[47

]
Overfull \hbox (10.02994pt too wide) in paragraph at lines 625--625
 [][][][]  
 []


Overfull \hbox (10.02994pt too wide) has occurred while \output is active
 [][][][]  
 []

[48

]
Overfull \hbox (10.02994pt too wide) in paragraph at lines 637--637
 [][][][]  
 []


Overfull \hbox (10.02994pt too wide) has occurred while \output is active
 [][][][]  
 []

[49

]
Overfull \hbox (10.02994pt too wide) in paragraph at lines 651--651
 [][][][]  
 []


Overfull \hbox (10.02994pt too wide) has occurred while \output is active
 [][][][]  
 []

[50

]
Overfull \hbox (10.02994pt too wide) in paragraph at lines 663--663
 [][][][]  
 []


Overfull \hbox (10.02994pt too wide) has occurred while \output is active
 [][][][]  
 []

[51

]
Overfull \hbox (10.02994pt too wide) in paragraph at lines 677--677
 [][][][]  
 []


Overfull \hbox (10.02994pt too wide) has occurred while \output is active
 [][][][]  
 []

[52

]
Overfull \hbox (10.02994pt too wide) in paragraph at lines 689--689
 [][][][]  
 []


Overfull \hbox (10.02994pt too wide) has occurred while \output is active
 [][][][]  
 []

[53

]
Overfull \hbox (10.02994pt too wide) in paragraph at lines 703--703
 [][][][]  
 []


Overfull \hbox (10.02994pt too wide) has occurred while \output is active
 [][][][]  
 []

[54

]
Overfull \hbox (10.02994pt too wide) in paragraph at lines 715--715
 [][][][]  
 []


Overfull \hbox (10.02994pt too wide) has occurred while \output is active
 [][][][]  
 []

[55

]
Overfull \hbox (10.02994pt too wide) in paragraph at lines 729--729
 [][][][]  
 []


Overfull \hbox (10.02994pt too wide) has occurred while \output is active
 [][][][]  
 []

[56

]
Overfull \hbox (10.02994pt too wide) in paragraph at lines 741--741
 [][][][]  
 []


Overfull \hbox (10.02994pt too wide) has occurred while \output is active
 [][][][]  
 []

[57

]
Overfull \hbox (10.02994pt too wide) in paragraph at lines 755--755
 [][][][]  
 []


Overfull \hbox (10.02994pt too wide) has occurred while \output is active
 [][][][]  
 []

[58

]
Overfull \hbox (10.02994pt too wide) in paragraph at lines 767--767
 [][][][]  
 []


Overfull \hbox (10.02994pt too wide) has occurred while \output is active
 [][][][]  
 []

[59

]
Overfull \hbox (10.02994pt too wide) in paragraph at lines 781--781
 [][][][]  
 []


Overfull \hbox (10.02994pt too wide) has occurred while \output is active
 [][][][]  
 []

[60

]
Overfull \hbox (10.02994pt too wide) in paragraph at lines 793--793
 [][][][]  
 []


Overfull \hbox (10.02994pt too wide) has occurred while \output is active
 [][][][]  
 []

[61

]
Overfull \hbox (10.02994pt too wide) in paragraph at lines 807--807
 [][][][]  
 []


Overfull \hbox (10.02994pt too wide) has occurred while \output is active
 [][][][]  
 []

[62

]
Overfull \hbox (10.02994pt too wide) in paragraph at lines 819--819
 [][][][]  
 []


Overfull \hbox (10.02994pt too wide) has occurred while \output is active
 [][][][]  
 []

[63

]
Overfull \hbox (10.02994pt too wide) in paragraph at lines 833--833
 [][][][]  
 []


Overfull \hbox (10.02994pt too wide) has occurred while \output is active
 [][][][]  
 []

[64

]
Overfull \hbox (10.02994pt too wide) in paragraph at lines 845--845
 [][][][]  
 []


Overfull \hbox (10.02994pt too wide) has occurred while \output is active
 [][][][]  
 []

[65

]
Overfull \hbox (10.02994pt too wide) in paragraph at lines 859--859
 [][][][]  
 []


Overfull \hbox (10.02994pt too wide) has occurred while \output is active
 [][][][]  
 []

[66

]
Overfull \hbox (10.02994pt too wide) in paragraph at lines 871--871
 [][][][]  
 []


Overfull \hbox (10.02994pt too wide) has occurred while \output is active
 [][][][]  
 []

[67

]
Overfull \hbox (10.02994pt too wide) in paragraph at lines 885--885
 [][][][]  
 []


Overfull \hbox (10.02994pt too wide) has occurred while \output is active
 [][][][]  
 []

[68

]
Overfull \hbox (10.02994pt too wide) in paragraph at lines 897--897
 [][][][]  
 []


Overfull \hbox (10.02994pt too wide) has occurred while \output is active
 [][][][]  
 []

[69

]
Overfull \hbox (10.02994pt too wide) in paragraph at lines 911--911
 [][][][]  
 []


Overfull \hbox (10.02994pt too wide) has occurred while \output is active
 [][][][]  
 []

[70

]
Overfull \hbox (10.02994pt too wide) in paragraph at lines 923--923
 [][][][]  
 []


Overfull \hbox (10.02994pt too wide) has occurred while \output is active
 [][][][]  
 []

[71

]
Overfull \hbox (10.02994pt too wide) in paragraph at lines 937--937
 [][][][]  
 []


Overfull \hbox (10.02994pt too wide) has occurred while \output is active
 [][][][]  
 []

[72

]
Overfull \hbox (10.02994pt too wide) in paragraph at lines 949--949
 [][][][]  
 []


Overfull \hbox (10.02994pt too wide) has occurred while \output is active
 [][][][]  
 []

[73

]
Overfull \hbox (10.02994pt too wide) in paragraph at lines 963--963
 [][][][]  
 []


Overfull \hbox (10.02994pt too wide) has occurred while \output is active
 [][][][]  
 []

[74

]
Overfull \hbox (10.02994pt too wide) in paragraph at lines 975--975
 [][][][]  
 []


Overfull \hbox (10.02994pt too wide) has occurred while \output is active
 [][][][]  
 []

[75

]
Overfull \hbox (10.02994pt too wide) in paragraph at lines 989--989
 [][][][]  
 []


Overfull \hbox (10.02994pt too wide) has occurred while \output is active
 [][][][]  
 []

[76

]
Overfull \hbox (10.02994pt too wide) in paragraph at lines 1001--1001
 [][][][]  
 []


Overfull \hbox (10.02994pt too wide) has occurred while \output is active
 [][][][]  
 []

[77

]
Overfull \hbox (10.02994pt too wide) in paragraph at lines 1015--1015
 [][][][]  
 []


Overfull \hbox (10.02994pt too wide) has occurred while \output is active
 [][][][]  
 []

[78

]
Overfull \hbox (10.02994pt too wide) in paragraph at lines 1027--1027
 [][][][]  
 []


Overfull \hbox (10.02994pt too wide) has occurred while \output is active
 [][][][]  
 []

[79

]
Overfull \hbox (10.02994pt too wide) in paragraph at lines 1041--1041
 [][][][]  
 []


Overfull \hbox (10.02994pt too wide) has occurred while \output is active
 [][][][]  
 []

[80

]
Overfull \hbox (10.02994pt too wide) in paragraph at lines 1053--1053
 [][][][]  
 []


Overfull \hbox (10.02994pt too wide) has occurred while \output is active
 [][][][]  
 []

[81

]
Overfull \hbox (10.02994pt too wide) in paragraph at lines 1067--1067
 [][][][]  
 []


Overfull \hbox (10.02994pt too wide) has occurred while \output is active
 [][][][]  
 []

[82

]
Overfull \hbox (10.02994pt too wide) in paragraph at lines 1079--1079
 [][][][]  
 []


Overfull \hbox (10.02994pt too wide) has occurred while \output is active
 [][][][]  
 []

[83

]
Overfull \hbox (10.02994pt too wide) in paragraph at lines 1093--1093
 [][][][]  
 []


Overfull \hbox (10.02994pt too wide) has occurred while \output is active
 [][][][]  
 []

[84

]
Overfull \hbox (10.02994pt too wide) in paragraph at lines 1105--1105
 [][][][]  
 []


Overfull \hbox (10.02994pt too wide) has occurred while \output is active
 [][][][]  
 []

[85

]
Overfull \hbox (10.02994pt too wide) in paragraph at lines 1119--1119
 [][][][]  
 []


Overfull \hbox (10.02994pt too wide) has occurred while \output is active
 [][][][]  
 []

[86

]
Overfull \hbox (10.02994pt too wide) in paragraph at lines 1131--1131
 [][][][]  
 []


Overfull \hbox (10.02994pt too wide) has occurred while \output is active
 [][][][]  
 []

[87

]
Overfull \hbox (10.02994pt too wide) in paragraph at lines 1145--1145
 [][][][]  
 []


Overfull \hbox (10.02994pt too wide) has occurred while \output is active
 [][][][]  
 []

[88

]
Overfull \hbox (10.02994pt too wide) in paragraph at lines 1157--1157
 [][][][]  
 []


Overfull \hbox (10.02994pt too wide) has occurred while \output is active
 [][][][]  
 []

[89

]
Overfull \hbox (10.02994pt too wide) in paragraph at lines 1171--1171
 [][][][]  
 []


Overfull \hbox (10.02994pt too wide) has occurred while \output is active
 [][][][]  
 []

[90

]
Overfull \hbox (10.02994pt too wide) in paragraph at lines 1183--1183
 [][][][]  
 []


Overfull \hbox (10.02994pt too wide) has occurred while \output is active
 [][][][]  
 []

[91

]
Overfull \hbox (10.02994pt too wide) in paragraph at lines 1197--1197
 [][][][]  
 []


Overfull \hbox (10.02994pt too wide) has occurred while \output is active
 [][][][]  
 []

[92

]
Overfull \hbox (10.02994pt too wide) in paragraph at lines 1209--1209
 [][][][]  
 []


Overfull \hbox (10.02994pt too wide) has occurred while \output is active
 [][][][]  
 []

[93

]
Overfull \hbox (10.02994pt too wide) in paragraph at lines 1223--1223
 [][][][]  
 []


Overfull \hbox (10.02994pt too wide) has occurred while \output is active
 [][][][]  
 []

[94

]
Overfull \hbox (10.02994pt too wide) in paragraph at lines 1235--1235
 [][][][]  
 []


Overfull \hbox (10.02994pt too wide) has occurred while \output is active
 [][][][]  
 []

[95

]
Overfull \hbox (10.02994pt too wide) in paragraph at lines 1249--1249
 [][][][]  
 []


Overfull \hbox (10.02994pt too wide) has occurred while \output is active
 [][][][]  
 []

[96

]
Overfull \hbox (10.02994pt too wide) in paragraph at lines 1261--1261
 [][][][]  
 []


Overfull \hbox (10.02994pt too wide) has occurred while \output is active
 [][][][]  
 []

[97

]
Overfull \hbox (10.02994pt too wide) in paragraph at lines 1275--1275
 [][][][]  
 []


Overfull \hbox (10.02994pt too wide) has occurred while \output is active
 [][][][]  
 []

[98

]
Overfull \hbox (10.02994pt too wide) in paragraph at lines 1287--1287
 [][][][]  
 []


Overfull \hbox (10.02994pt too wide) has occurred while \output is active
 [][][][]  
 []

[99

]
Overfull \hbox (10.02994pt too wide) in paragraph at lines 1301--1301
 [][][][]  
 []


Overfull \hbox (10.02994pt too wide) has occurred while \output is active
 [][][][]  
 []

[100

]
Overfull \hbox (10.02994pt too wide) in paragraph at lines 1313--1313
 [][][][]  
 []


Overfull \hbox (10.02994pt too wide) has occurred while \output is active
 [][][][]  
 []

[101

]
Overfull \hbox (10.02994pt too wide) in paragraph at lines 1327--1327
 [][][][]  
 []


Overfull \hbox (10.02994pt too wide) has occurred while \output is active
 [][][][]  
 []

[102

]
Overfull \hbox (10.02994pt too wide) in paragraph at lines 1343--1343
 [][][][]  
 []


Overfull \hbox (10.02994pt too wide) has occurred while \output is active
 [][][][]  
 []

[103

]
Overfull \hbox (10.02994pt too wide) in paragraph at lines 1357--1357
 [][][][]  
 []


Overfull \hbox (10.02994pt too wide) has occurred while \output is active
 [][][][]  
 []

[104

]
Overfull \hbox (10.02994pt too wide) in paragraph at lines 1369--1369
 [][][][]  
 []


Overfull \hbox (10.02994pt too wide) has occurred while \output is active
 [][][][]  
 []

[105

]
Overfull \hbox (10.02994pt too wide) in paragraph at lines 1383--1383
 [][][][]  
 []


Overfull \hbox (10.02994pt too wide) has occurred while \output is active
 [][][][]  
 []

[106

]
Overfull \hbox (10.02994pt too wide) in paragraph at lines 1395--1395
 [][][][]  
 []


Overfull \hbox (10.02994pt too wide) has occurred while \output is active
 [][][][]  
 []

[107

]
Overfull \hbox (10.02994pt too wide) in paragraph at lines 1409--1409
 [][][][]  
 []


Overfull \hbox (10.02994pt too wide) has occurred while \output is active
 [][][][]  
 []

[108

]
Overfull \hbox (10.02994pt too wide) in paragraph at lines 1421--1421
 [][][][]  
 []


Overfull \hbox (10.02994pt too wide) has occurred while \output is active
 [][][][]  
 []

[109

]
Overfull \hbox (10.02994pt too wide) in paragraph at lines 1435--1435
 [][][][]  
 []


Overfull \hbox (10.02994pt too wide) has occurred while \output is active
 [][][][]  
 []

[110

]
Overfull \hbox (10.02994pt too wide) in paragraph at lines 1447--1447
 [][][][]  
 []


Overfull \hbox (10.02994pt too wide) has occurred while \output is active
 [][][][]  
 []

[111

]
Overfull \hbox (10.02994pt too wide) in paragraph at lines 1461--1461
 [][][][]  
 []


Overfull \hbox (10.02994pt too wide) has occurred while \output is active
 [][][][]  
 []

[112

]
Overfull \hbox (10.02994pt too wide) in paragraph at lines 1473--1473
 [][][][]  
 []


Overfull \hbox (10.02994pt too wide) has occurred while \output is active
 [][][][]  
 []

[113

]
Overfull \hbox (10.02994pt too wide) in paragraph at lines 1487--1487
 [][][][]  
 []

LaTeX Font Info:    Trying to load font information for TS1+cmss on input line 
1487.
(/usr/share/texlive/texmf-dist/tex/latex/base/ts1cmss.fd
File: ts1cmss.fd 2023/04/13 v2.5m Standard LaTeX font definitions
)
Overfull \hbox (10.02994pt too wide) has occurred while \output is active
 [][][][]  
 []

[114

{/usr/share/texmf/fonts/enc/dvips/cm-super/cm-super-ts1.enc}]
Overfull \hbox (10.02994pt too wide) in paragraph at lines 1499--1499
 [][][][]  
 []


Overfull \hbox (10.02994pt too wide) has occurred while \output is active
 [][][][]  
 []

[115

]
Overfull \hbox (10.02994pt too wide) in paragraph at lines 1513--1513
 [][][][]  
 []


Overfull \hbox (10.02994pt too wide) has occurred while \output is active
 [][][][]  
 []

[116

]
Overfull \hbox (10.02994pt too wide) in paragraph at lines 1525--1525
 [][][][]  
 []


Overfull \hbox (10.02994pt too wide) has occurred while \output is active
 [][][][]  
 []

[117

]
Overfull \hbox (10.02994pt too wide) in paragraph at lines 1539--1539
 [][][][]  
 []


Overfull \hbox (10.02994pt too wide) has occurred while \output is active
 [][][][]  
 []

[118

]
Overfull \hbox (10.02994pt too wide) in paragraph at lines 1551--1551
 [][][][]  
 []


Overfull \hbox (10.02994pt too wide) has occurred while \output is active
 [][][][]  
 []

[119

]
Overfull \hbox (10.02994pt too wide) in paragraph at lines 1565--1565
 [][][][]  
 []


Overfull \hbox (10.02994pt too wide) has occurred while \output is active
 [][][][]  
 []

[120

]
Overfull \hbox (10.02994pt too wide) in paragraph at lines 1577--1577
 [][][][]  
 []


Overfull \hbox (10.02994pt too wide) has occurred while \output is active
 [][][][]  
 []

[121

]
Overfull \hbox (10.02994pt too wide) in paragraph at lines 1591--1591
 [][][][]  
 []


Overfull \hbox (10.02994pt too wide) has occurred while \output is active
 [][][][]  
 []

[122

]
Overfull \hbox (10.02994pt too wide) in paragraph at lines 1603--1603
 [][][][]  
 []


Overfull \hbox (10.02994pt too wide) has occurred while \output is active
 [][][][]  
 []

[123

]
Overfull \hbox (10.02994pt too wide) in paragraph at lines 1617--1617
 [][][][]  
 []


Overfull \hbox (10.02994pt too wide) has occurred while \output is active
 [][][][]  
 []

[124

]
Overfull \hbox (10.02994pt too wide) in paragraph at lines 1629--1629
 [][][][]  
 []


Overfull \hbox (10.02994pt too wide) has occurred while \output is active
 [][][][]  
 []

[125

]
Overfull \hbox (10.02994pt too wide) in paragraph at lines 1643--1643
 [][][][]  
 []


Overfull \hbox (10.02994pt too wide) has occurred while \output is active
 [][][][]  
 []

[126

]
Overfull \hbox (10.02994pt too wide) in paragraph at lines 1655--1655
 [][][][]  
 []


Overfull \hbox (10.02994pt too wide) has occurred while \output is active
 [][][][]  
 []

[127

]
Overfull \hbox (10.02994pt too wide) in paragraph at lines 1669--1669
 [][][][]  
 []


Overfull \hbox (10.02994pt too wide) has occurred while \output is active
 [][][][]  
 []

[128

]
Overfull \hbox (10.02994pt too wide) in paragraph at lines 1681--1681
 [][][][]  
 []


Overfull \hbox (10.02994pt too wide) has occurred while \output is active
 [][][][]  
 []

[129

]
Overfull \hbox (10.02994pt too wide) in paragraph at lines 1695--1695
 [][][][]  
 []


Overfull \hbox (10.02994pt too wide) has occurred while \output is active
 [][][][]  
 []

[130

]
Overfull \hbox (10.02994pt too wide) in paragraph at lines 1707--1707
 [][][][]  
 []


Overfull \hbox (10.02994pt too wide) has occurred while \output is active
 [][][][]  
 []

[131

]
Overfull \hbox (10.02994pt too wide) in paragraph at lines 1721--1721
 [][][][]  
 []


Overfull \hbox (10.02994pt too wide) has occurred while \output is active
 [][][][]  
 []

[132

]
Overfull \hbox (10.02994pt too wide) in paragraph at lines 1733--1733
 [][][][]  
 []


Overfull \hbox (10.02994pt too wide) has occurred while \output is active
 [][][][]  
 []

[133

]
Overfull \hbox (10.02994pt too wide) in paragraph at lines 1747--1747
 [][][][]  
 []


Overfull \hbox (10.02994pt too wide) has occurred while \output is active
 [][][][]  
 []

[134

]
Overfull \hbox (10.02994pt too wide) in paragraph at lines 1759--1759
 [][][][]  
 []


Overfull \hbox (10.02994pt too wide) has occurred while \output is active
 [][][][]  
 []

[135

]
Overfull \hbox (10.02994pt too wide) in paragraph at lines 1773--1773
 [][][][]  
 []


Overfull \hbox (10.02994pt too wide) has occurred while \output is active
 [][][][]  
 []

[136

]
Overfull \hbox (10.02994pt too wide) in paragraph at lines 1785--1785
 [][][][]  
 []


Overfull \hbox (10.02994pt too wide) has occurred while \output is active
 [][][][]  
 []

[137

]
Overfull \hbox (10.02994pt too wide) in paragraph at lines 1799--1799
 [][][][]  
 []


Overfull \hbox (10.02994pt too wide) has occurred while \output is active
 [][][][]  
 []

[138

]
Overfull \hbox (10.02994pt too wide) in paragraph at lines 1811--1811
 [][][][]  
 []


Overfull \hbox (10.02994pt too wide) has occurred while \output is active
 [][][][]  
 []

[139

]
Overfull \hbox (10.02994pt too wide) in paragraph at lines 1825--1825
 [][][][]  
 []


Overfull \hbox (10.02994pt too wide) has occurred while \output is active
 [][][][]  
 []

[140

]
Overfull \hbox (10.02994pt too wide) in paragraph at lines 1837--1837
 [][][][]  
 []


Overfull \hbox (10.02994pt too wide) has occurred while \output is active
 [][][][]  
 []

[141

]
Overfull \hbox (10.02994pt too wide) in paragraph at lines 1851--1851
 [][][][]  
 []


Overfull \hbox (10.02994pt too wide) has occurred while \output is active
 [][][][]  
 []

[142

]
Overfull \hbox (10.02994pt too wide) in paragraph at lines 1863--1863
 [][][][]  
 []


Overfull \hbox (10.02994pt too wide) has occurred while \output is active
 [][][][]  
 []

[143

]
Overfull \hbox (10.02994pt too wide) in paragraph at lines 1877--1877
 [][][][]  
 []


Overfull \hbox (10.02994pt too wide) has occurred while \output is active
 [][][][]  
 []

[144

]
Overfull \hbox (10.02994pt too wide) in paragraph at lines 1889--1889
 [][][][]  
 []


Overfull \hbox (10.02994pt too wide) has occurred while \output is active
 [][][][]  
 []

[145

]
Overfull \hbox (10.02994pt too wide) in paragraph at lines 1903--1903
 [][][][]  
 []


Overfull \hbox (10.02994pt too wide) has occurred while \output is active
 [][][][]  
 []

[146

]
Overfull \hbox (10.02994pt too wide) in paragraph at lines 1915--1915
 [][][][]  
 []


Overfull \hbox (10.02994pt too wide) has occurred while \output is active
 [][][][]  
 []

[147

]
Overfull \hbox (10.02994pt too wide) in paragraph at lines 1929--1929
 [][][][]  
 []


Overfull \hbox (10.02994pt too wide) has occurred while \output is active
 [][][][]  
 []

[148

]
Overfull \hbox (10.02994pt too wide) in paragraph at lines 1941--1941
 [][][][]  
 []


Overfull \hbox (10.02994pt too wide) has occurred while \output is active
 [][][][]  
 []

[149

]
Overfull \hbox (10.02994pt too wide) in paragraph at lines 1955--1955
 [][][][]  
 []


Overfull \hbox (10.02994pt too wide) has occurred while \output is active
 [][][][]  
 []

[150

]
Overfull \hbox (10.02994pt too wide) in paragraph at lines 1967--1967
 [][][][]  
 []


Overfull \hbox (10.02994pt too wide) has occurred while \output is active
 [][][][]  
 []

[151

]
Overfull \hbox (10.02994pt too wide) in paragraph at lines 1981--1981
 [][][][]  
 []


Overfull \hbox (10.02994pt too wide) has occurred while \output is active
 [][][][]  
 []

[152

]
Overfull \hbox (10.02994pt too wide) in paragraph at lines 1993--1993
 [][][][]  
 []


Overfull \hbox (10.02994pt too wide) has occurred while \output is active
 [][][][]  
 []

[153

]
Overfull \hbox (10.02994pt too wide) in paragraph at lines 2007--2007
 [][][][]  
 []


Overfull \hbox (10.02994pt too wide) has occurred while \output is active
 [][][][]  
 []

[154

]
Overfull \hbox (10.02994pt too wide) in paragraph at lines 2019--2019
 [][][][]  
 []


Overfull \hbox (10.02994pt too wide) has occurred while \output is active
 [][][][]  
 []

[155

]
Overfull \hbox (10.02994pt too wide) in paragraph at lines 2033--2033
 [][][][]  
 []


Overfull \hbox (10.02994pt too wide) has occurred while \output is active
 [][][][]  
 []

[156

]
Overfull \hbox (10.02994pt too wide) in paragraph at lines 2045--2045
 [][][][]  
 []


Overfull \hbox (10.02994pt too wide) has occurred while \output is active
 [][][][]  
 []

[157

]
Overfull \hbox (10.02994pt too wide) in paragraph at lines 2059--2059
 [][][][]  
 []


Overfull \hbox (10.02994pt too wide) has occurred while \output is active
 [][][][]  
 []

[158

]
Overfull \hbox (10.02994pt too wide) in paragraph at lines 2071--2071
 [][][][]  
 []


Overfull \hbox (10.02994pt too wide) has occurred while \output is active
 [][][][]  
 []

[159

]
Overfull \hbox (10.02994pt too wide) in paragraph at lines 2085--2085
 [][][][]  
 []


Overfull \hbox (10.02994pt too wide) has occurred while \output is active
 [][][][]  
 []

[160

]
Overfull \hbox (10.02994pt too wide) in paragraph at lines 2097--2097
 [][][][]  
 []


Overfull \hbox (10.02994pt too wide) has occurred while \output is active
 [][][][]  
 []

[161

]
Overfull \hbox (10.02994pt too wide) in paragraph at lines 2111--2111
 [][][][]  
 []


Overfull \hbox (10.02994pt too wide) has occurred while \output is active
 [][][][]  
 []

[162

]
Overfull \hbox (10.02994pt too wide) in paragraph at lines 2123--2123
 [][][][]  
 []


Overfull \hbox (10.02994pt too wide) has occurred while \output is active
 [][][][]  
 []

[163

]
Overfull \hbox (10.02994pt too wide) in paragraph at lines 2137--2137
 [][][][]  
 []


Overfull \hbox (10.02994pt too wide) has occurred while \output is active
 [][][][]  
 []

[164

]
Overfull \hbox (10.02994pt too wide) in paragraph at lines 2149--2149
 [][][][]  
 []


Overfull \hbox (10.02994pt too wide) has occurred while \output is active
 [][][][]  
 []

[165

]
Overfull \hbox (10.02994pt too wide) in paragraph at lines 2163--2163
 [][][][]  
 []


Overfull \hbox (10.02994pt too wide) has occurred while \output is active
 [][][][]  
 []

[166

]
Overfull \hbox (10.02994pt too wide) in paragraph at lines 2175--2175
 [][][][]  
 []


Overfull \hbox (10.02994pt too wide) has occurred while \output is active
 [][][][]  
 []

[167

]
Overfull \hbox (10.02994pt too wide) in paragraph at lines 2189--2189
 [][][][]  
 []


Overfull \hbox (10.02994pt too wide) has occurred while \output is active
 [][][][]  
 []

[168

]
Overfull \hbox (10.02994pt too wide) in paragraph at lines 2201--2201
 [][][][]  
 []


Overfull \hbox (10.02994pt too wide) has occurred while \output is active
 [][][][]  
 []

[169

]
Overfull \hbox (10.02994pt too wide) in paragraph at lines 2215--2215
 [][][][]  
 []


Overfull \hbox (10.02994pt too wide) has occurred while \output is active
 [][][][]  
 []

[170

]
Overfull \hbox (10.02994pt too wide) in paragraph at lines 2227--2227
 [][][][]  
 []


Overfull \hbox (10.02994pt too wide) has occurred while \output is active
 [][][][]  
 []

[171

]
Overfull \hbox (10.02994pt too wide) in paragraph at lines 2241--2241
 [][][][]  
 []


Overfull \hbox (10.02994pt too wide) has occurred while \output is active
 [][][][]  
 []

[172

]
Overfull \hbox (10.02994pt too wide) in paragraph at lines 2253--2253
 [][][][]  
 []


Overfull \hbox (10.02994pt too wide) has occurred while \output is active
 [][][][]  
 []

[173

]
Overfull \hbox (10.02994pt too wide) in paragraph at lines 2267--2267
 [][][][]  
 []


Overfull \hbox (10.02994pt too wide) has occurred while \output is active
 [][][][]  
 []

[174

]
Overfull \hbox (10.02994pt too wide) in paragraph at lines 2279--2279
 [][][][]  
 []


Overfull \hbox (10.02994pt too wide) has occurred while \output is active
 [][][][]  
 []

[175

]
Overfull \hbox (10.02994pt too wide) in paragraph at lines 2293--2293
 [][][][]  
 []


Overfull \hbox (10.02994pt too wide) has occurred while \output is active
 [][][][]  
 []

[176

]
Overfull \hbox (10.02994pt too wide) in paragraph at lines 2305--2305
 [][][][]  
 []


Overfull \hbox (10.02994pt too wide) has occurred while \output is active
 [][][][]  
 []

[177

]
Overfull \hbox (10.02994pt too wide) in paragraph at lines 2319--2319
 [][][][]  
 []


Overfull \hbox (10.02994pt too wide) has occurred while \output is active
 [][][][]  
 []

[178

]
Overfull \hbox (10.02994pt too wide) in paragraph at lines 2331--2331
 [][][][]  
 []


Overfull \hbox (10.02994pt too wide) has occurred while \output is active
 [][][][]  
 []

[179

]
Overfull \hbox (10.02994pt too wide) in paragraph at lines 2345--2345
 [][][][]  
 []


Overfull \hbox (10.02994pt too wide) has occurred while \output is active
 [][][][]  
 []

[180

]
Overfull \hbox (10.02994pt too wide) in paragraph at lines 2357--2357
 [][][][]  
 []


Overfull \hbox (10.02994pt too wide) has occurred while \output is active
 [][][][]  
 []

[181

]
Overfull \hbox (10.02994pt too wide) in paragraph at lines 2371--2371
 [][][][]  
 []


Overfull \hbox (10.02994pt too wide) has occurred while \output is active
 [][][][]  
 []

[182

]
Overfull \hbox (10.02994pt too wide) in paragraph at lines 2383--2383
 [][][][]  
 []


Overfull \hbox (10.02994pt too wide) has occurred while \output is active
 [][][][]  
 []

[183

]
Overfull \hbox (10.02994pt too wide) in paragraph at lines 2397--2397
 [][][][]  
 []


Overfull \hbox (10.02994pt too wide) has occurred while \output is active
 [][][][]  
 []

[184

]
Overfull \hbox (10.02994pt too wide) in paragraph at lines 2409--2409
 [][][][]  
 []


Overfull \hbox (10.02994pt too wide) has occurred while \output is active
 [][][][]  
 []

[185

]
Overfull \hbox (10.02994pt too wide) in paragraph at lines 2423--2423
 [][][][]  
 []


Overfull \hbox (10.02994pt too wide) has occurred while \output is active
 [][][][]  
 []

[186

]
Overfull \hbox (10.02994pt too wide) in paragraph at lines 2435--2435
 [][][][]  
 []


Overfull \hbox (10.02994pt too wide) has occurred while \output is active
 [][][][]  
 []

[187

]
Overfull \hbox (10.02994pt too wide) in paragraph at lines 2449--2449
 [][][][]  
 []


Overfull \hbox (10.02994pt too wide) has occurred while \output is active
 [][][][]  
 []

[188

]
Overfull \hbox (10.02994pt too wide) in paragraph at lines 2461--2461
 [][][][]  
 []


Overfull \hbox (10.02994pt too wide) has occurred while \output is active
 [][][][]  
 []

[189

]
Overfull \hbox (10.02994pt too wide) in paragraph at lines 2475--2475
 [][][][]  
 []


Overfull \hbox (10.02994pt too wide) has occurred while \output is active
 [][][][]  
 []

[190

]
Overfull \hbox (10.02994pt too wide) in paragraph at lines 2487--2487
 [][][][]  
 []


Overfull \hbox (10.02994pt too wide) has occurred while \output is active
 [][][][]  
 []

[191

]
Overfull \hbox (10.02994pt too wide) in paragraph at lines 2501--2501
 [][][][]  
 []


Overfull \hbox (10.02994pt too wide) has occurred while \output is active
 [][][][]  
 []

[192

]
Overfull \hbox (10.02994pt too wide) in paragraph at lines 2513--2513
 [][][][]  
 []


Overfull \hbox (10.02994pt too wide) has occurred while \output is active
 [][][][]  
 []

[193

]
Overfull \hbox (10.02994pt too wide) in paragraph at lines 2527--2527
 [][][][]  
 []


Overfull \hbox (10.02994pt too wide) has occurred while \output is active
 [][][][]  
 []

[194

]
Overfull \hbox (10.02994pt too wide) in paragraph at lines 2539--2539
 [][][][]  
 []


Overfull \hbox (10.02994pt too wide) has occurred while \output is active
 [][][][]  
 []

[195

]
Overfull \hbox (10.02994pt too wide) in paragraph at lines 2553--2553
 [][][][]  
 []


Overfull \hbox (10.02994pt too wide) has occurred while \output is active
 [][][][]  
 []

[196

]
Overfull \hbox (10.02994pt too wide) in paragraph at lines 2565--2565
 [][][][]  
 []


Overfull \hbox (10.02994pt too wide) has occurred while \output is active
 [][][][]  
 []

[197

]
Overfull \hbox (10.02994pt too wide) in paragraph at lines 2579--2579
 [][][][]  
 []


Overfull \hbox (10.02994pt too wide) has occurred while \output is active
 [][][][]  
 []

[198

]
Overfull \hbox (10.02994pt too wide) in paragraph at lines 2591--2591
 [][][][]  
 []


Overfull \hbox (10.02994pt too wide) has occurred while \output is active
 [][][][]  
 []

[199

]
Overfull \hbox (10.02994pt too wide) in paragraph at lines 2605--2605
 [][][][]  
 []


Overfull \hbox (10.02994pt too wide) has occurred while \output is active
 [][][][]  
 []

[200

]
Overfull \hbox (10.02994pt too wide) in paragraph at lines 2617--2617
 [][][][]  
 []


Overfull \hbox (10.02994pt too wide) has occurred while \output is active
 [][][][]  
 []

[201

]
Overfull \hbox (10.02994pt too wide) in paragraph at lines 2631--2631
 [][][][]  
 []


Overfull \hbox (10.02994pt too wide) has occurred while \output is active
 [][][][]  
 []

[202

]
Overfull \hbox (10.02994pt too wide) in paragraph at lines 2647--2647
 [][][][]  
 []


Overfull \hbox (10.02994pt too wide) has occurred while \output is active
 [][][][]  
 []

[203

]
Overfull \hbox (10.02994pt too wide) in paragraph at lines 2661--2661
 [][][][]  
 []


Overfull \hbox (10.02994pt too wide) has occurred while \output is active
 [][][][]  
 []

[204

]
Overfull \hbox (10.02994pt too wide) in paragraph at lines 2673--2673
 [][][][]  
 []


Overfull \hbox (10.02994pt too wide) has occurred while \output is active
 [][][][]  
 []

[205

]
Overfull \hbox (10.02994pt too wide) in paragraph at lines 2687--2687
 [][][][]  
 []


Overfull \hbox (10.02994pt too wide) has occurred while \output is active
 [][][][]  
 []

[206

]
Overfull \hbox (10.02994pt too wide) in paragraph at lines 2699--2699
 [][][][]  
 []


Overfull \hbox (10.02994pt too wide) has occurred while \output is active
 [][][][]  
 []

[207

]
Overfull \hbox (10.02994pt too wide) in paragraph at lines 2713--2713
 [][][][]  
 []


Overfull \hbox (10.02994pt too wide) has occurred while \output is active
 [][][][]  
 []

[208

]
Overfull \hbox (10.02994pt too wide) in paragraph at lines 2725--2725
 [][][][]  
 []


Overfull \hbox (10.02994pt too wide) has occurred while \output is active
 [][][][]  
 []

[209

]
Overfull \hbox (10.02994pt too wide) in paragraph at lines 2739--2739
 [][][][]  
 []


Overfull \hbox (10.02994pt too wide) has occurred while \output is active
 [][][][]  
 []

[210

]
Overfull \hbox (10.02994pt too wide) in paragraph at lines 2751--2751
 [][][][]  
 []


Overfull \hbox (10.02994pt too wide) has occurred while \output is active
 [][][][]  
 []

[211

]
Overfull \hbox (10.02994pt too wide) in paragraph at lines 2765--2765
 [][][][]  
 []


Overfull \hbox (10.02994pt too wide) has occurred while \output is active
 [][][][]  
 []

[212

]
Overfull \hbox (10.02994pt too wide) in paragraph at lines 2777--2777
 [][][][]  
 []


Overfull \hbox (10.02994pt too wide) has occurred while \output is active
 [][][][]  
 []

[213

]
Overfull \hbox (10.02994pt too wide) in paragraph at lines 2791--2791
 [][][][]  
 []


Overfull \hbox (10.02994pt too wide) has occurred while \output is active
 [][][][]  
 []

[214

]
Overfull \hbox (10.02994pt too wide) in paragraph at lines 2803--2803
 [][][][]  
 []


Overfull \hbox (10.02994pt too wide) has occurred while \output is active
 [][][][]  
 []

[215

]
Overfull \hbox (10.02994pt too wide) in paragraph at lines 2817--2817
 [][][][]  
 []


Overfull \hbox (10.02994pt too wide) has occurred while \output is active
 [][][][]  
 []

[216

]
Overfull \hbox (10.02994pt too wide) in paragraph at lines 2829--2829
 [][][][]  
 []


Overfull \hbox (10.02994pt too wide) has occurred while \output is active
 [][][][]  
 []

[217

]
Overfull \hbox (10.02994pt too wide) in paragraph at lines 2843--2843
 [][][][]  
 []


Overfull \hbox (10.02994pt too wide) has occurred while \output is active
 [][][][]  
 []

[218

]
Overfull \hbox (10.02994pt too wide) in paragraph at lines 2855--2855
 [][][][]  
 []


Overfull \hbox (10.02994pt too wide) has occurred while \output is active
 [][][][]  
 []

[219

]
Overfull \hbox (10.02994pt too wide) in paragraph at lines 2869--2869
 [][][][]  
 []


Overfull \hbox (10.02994pt too wide) has occurred while \output is active
 [][][][]  
 []

[220

]
Overfull \hbox (10.02994pt too wide) in paragraph at lines 2881--2881
 [][][][]  
 []


Overfull \hbox (10.02994pt too wide) has occurred while \output is active
 [][][][]  
 []

[221

]
Overfull \hbox (10.02994pt too wide) in paragraph at lines 2895--2895
 [][][][]  
 []


Overfull \hbox (10.02994pt too wide) has occurred while \output is active
 [][][][]  
 []

[222

]
Overfull \hbox (10.02994pt too wide) in paragraph at lines 2907--2907
 [][][][]  
 []


Overfull \hbox (10.02994pt too wide) has occurred while \output is active
 [][][][]  
 []

[223

]
Overfull \hbox (10.02994pt too wide) in paragraph at lines 2921--2921
 [][][][]  
 []


Overfull \hbox (10.02994pt too wide) has occurred while \output is active
 [][][][]  
 []

[224

]
Overfull \hbox (10.02994pt too wide) in paragraph at lines 2933--2933
 [][][][]  
 []


Overfull \hbox (10.02994pt too wide) has occurred while \output is active
 [][][][]  
 []

[225

]
Overfull \hbox (10.02994pt too wide) in paragraph at lines 2947--2947
 [][][][]  
 []


Overfull \hbox (10.02994pt too wide) has occurred while \output is active
 [][][][]  
 []

[226

]
Overfull \hbox (10.02994pt too wide) in paragraph at lines 2959--2959
 [][][][]  
 []


Overfull \hbox (10.02994pt too wide) has occurred while \output is active
 [][][][]  
 []

[227

]
Overfull \hbox (10.02994pt too wide) in paragraph at lines 2973--2973
 [][][][]  
 []


Overfull \hbox (10.02994pt too wide) has occurred while \output is active
 [][][][]  
 []

[228

]
Overfull \hbox (10.02994pt too wide) in paragraph at lines 2985--2985
 [][][][]  
 []


Overfull \hbox (10.02994pt too wide) has occurred while \output is active
 [][][][]  
 []

[229

]
Overfull \hbox (10.02994pt too wide) in paragraph at lines 2999--2999
 [][][][]  
 []


Overfull \hbox (10.02994pt too wide) has occurred while \output is active
 [][][][]  
 []

[230

]
Overfull \hbox (10.02994pt too wide) in paragraph at lines 3011--3011
 [][][][]  
 []


Overfull \hbox (10.02994pt too wide) has occurred while \output is active
 [][][][]  
 []

[231

]
Overfull \hbox (10.02994pt too wide) in paragraph at lines 3025--3025
 [][][][]  
 []


Overfull \hbox (10.02994pt too wide) has occurred while \output is active
 [][][][]  
 []

[232

]
Overfull \hbox (10.02994pt too wide) in paragraph at lines 3037--3037
 [][][][]  
 []


Overfull \hbox (10.02994pt too wide) has occurred while \output is active
 [][][][]  
 []

[233

]
Overfull \hbox (10.02994pt too wide) in paragraph at lines 3051--3051
 [][][][]  
 []


Overfull \hbox (10.02994pt too wide) has occurred while \output is active
 [][][][]  
 []

[234

]
Overfull \hbox (10.02994pt too wide) in paragraph at lines 3063--3063
 [][][][]  
 []


Overfull \hbox (10.02994pt too wide) has occurred while \output is active
 [][][][]  
 []

[235

]
Overfull \hbox (10.02994pt too wide) in paragraph at lines 3077--3077
 [][][][]  
 []


Overfull \hbox (10.02994pt too wide) has occurred while \output is active
 [][][][]  
 []

[236

]
Overfull \hbox (10.02994pt too wide) in paragraph at lines 3089--3089
 [][][][]  
 []


Overfull \hbox (10.02994pt too wide) has occurred while \output is active
 [][][][]  
 []

[237

]
Overfull \hbox (10.02994pt too wide) in paragraph at lines 3103--3103
 [][][][]  
 []


Overfull \hbox (10.02994pt too wide) has occurred while \output is active
 [][][][]  
 []

[238

]
Overfull \hbox (10.02994pt too wide) in paragraph at lines 3115--3115
 [][][][]  
 []


Overfull \hbox (10.02994pt too wide) has occurred while \output is active
 [][][][]  
 []

[239

]
Overfull \hbox (10.02994pt too wide) in paragraph at lines 3129--3129
 [][][][]  
 []


Overfull \hbox (10.02994pt too wide) has occurred while \output is active
 [][][][]  
 []

[240

]
Overfull \hbox (10.02994pt too wide) in paragraph at lines 3141--3141
 [][][][]  
 []


Overfull \hbox (10.02994pt too wide) has occurred while \output is active
 [][][][]  
 []

[241

]
Overfull \hbox (10.02994pt too wide) in paragraph at lines 3155--3155
 [][][][]  
 []


Overfull \hbox (10.02994pt too wide) has occurred while \output is active
 [][][][]  
 []

[242

]
Overfull \hbox (10.02994pt too wide) in paragraph at lines 3167--3167
 [][][][]  
 []


Overfull \hbox (10.02994pt too wide) has occurred while \output is active
 [][][][]  
 []

[243

]
Overfull \hbox (10.02994pt too wide) in paragraph at lines 3181--3181
 [][][][]  
 []


Overfull \hbox (10.02994pt too wide) has occurred while \output is active
 [][][][]  
 []

[244

]
Overfull \hbox (10.02994pt too wide) in paragraph at lines 3193--3193
 [][][][]  
 []


Overfull \hbox (10.02994pt too wide) has occurred while \output is active
 [][][][]  
 []

[245

]
Overfull \hbox (10.02994pt too wide) in paragraph at lines 3207--3207
 [][][][]  
 []


Overfull \hbox (10.02994pt too wide) has occurred while \output is active
 [][][][]  
 []

[246

]
Overfull \hbox (10.02994pt too wide) in paragraph at lines 3219--3219
 [][][][]  
 []


Overfull \hbox (10.02994pt too wide) has occurred while \output is active
 [][][][]  
 []

[247

]
Overfull \hbox (10.02994pt too wide) in paragraph at lines 3233--3233
 [][][][]  
 []


Overfull \hbox (10.02994pt too wide) has occurred while \output is active
 [][][][]  
 []

[248

]
Overfull \hbox (10.02994pt too wide) in paragraph at lines 3245--3245
 [][][][]  
 []


Overfull \hbox (10.02994pt too wide) has occurred while \output is active
 [][][][]  
 []

[249

]
Overfull \hbox (10.02994pt too wide) in paragraph at lines 3259--3259
 [][][][]  
 []


Overfull \hbox (10.02994pt too wide) has occurred while \output is active
 [][][][]  
 []

[250

]
Overfull \hbox (10.02994pt too wide) in paragraph at lines 3271--3271
 [][][][]  
 []


Overfull \hbox (10.02994pt too wide) has occurred while \output is active
 [][][][]  
 []

[251

]
Overfull \hbox (10.02994pt too wide) in paragraph at lines 3285--3285
 [][][][]  
 []


Overfull \hbox (10.02994pt too wide) has occurred while \output is active
 [][][][]  
 []

[252

]
Overfull \hbox (10.02994pt too wide) in paragraph at lines 3297--3297
 [][][][]  
 []


Overfull \hbox (10.02994pt too wide) has occurred while \output is active
 [][][][]  
 []

[253

]
Overfull \hbox (10.02994pt too wide) in paragraph at lines 3311--3311
 [][][][]  
 []


Overfull \hbox (10.02994pt too wide) has occurred while \output is active
 [][][][]  
 []

[254

]
Overfull \hbox (10.02994pt too wide) in paragraph at lines 3323--3323
 [][][][]  
 []


Overfull \hbox (10.02994pt too wide) has occurred while \output is active
 [][][][]  
 []

[255

]
Overfull \hbox (10.02994pt too wide) in paragraph at lines 3337--3337
 [][][][]  
 []


Overfull \hbox (10.02994pt too wide) has occurred while \output is active
 [][][][]  
 []

[256

]
Overfull \hbox (10.02994pt too wide) in paragraph at lines 3349--3349
 [][][][]  
 []


Overfull \hbox (10.02994pt too wide) has occurred while \output is active
 [][][][]  
 []

[257

]
Overfull \hbox (10.02994pt too wide) in paragraph at lines 3363--3363
 [][][][]  
 []


Overfull \hbox (10.02994pt too wide) has occurred while \output is active
 [][][][]  
 []

[258

]
Overfull \hbox (10.02994pt too wide) in paragraph at lines 3375--3375
 [][][][]  
 []


Overfull \hbox (10.02994pt too wide) has occurred while \output is active
 [][][][]  
 []

[259

]
Overfull \hbox (10.02994pt too wide) in paragraph at lines 3389--3389
 [][][][]  
 []


Overfull \hbox (10.02994pt too wide) has occurred while \output is active
 [][][][]  
 []

[260

]
Overfull \hbox (10.02994pt too wide) in paragraph at lines 3401--3401
 [][][][]  
 []


Overfull \hbox (10.02994pt too wide) has occurred while \output is active
 [][][][]  
 []

[261

]
Overfull \hbox (10.02994pt too wide) in paragraph at lines 3415--3415
 [][][][]  
 []


Overfull \hbox (10.02994pt too wide) has occurred while \output is active
 [][][][]  
 []

[262

]
Overfull \hbox (10.02994pt too wide) in paragraph at lines 3427--3427
 [][][][]  
 []


Overfull \hbox (10.02994pt too wide) has occurred while \output is active
 [][][][]  
 []

[263

]
Overfull \hbox (10.02994pt too wide) in paragraph at lines 3441--3441
 [][][][]  
 []


Overfull \hbox (10.02994pt too wide) has occurred while \output is active
 [][][][]  
 []

[264

]
Overfull \hbox (10.02994pt too wide) in paragraph at lines 3453--3453
 [][][][]  
 []


Overfull \hbox (10.02994pt too wide) has occurred while \output is active
 [][][][]  
 []

[265

]
Overfull \hbox (10.02994pt too wide) in paragraph at lines 3467--3467
 [][][][]  
 []


Overfull \hbox (10.02994pt too wide) has occurred while \output is active
 [][][][]  
 []

[266

]
Overfull \hbox (10.02994pt too wide) in paragraph at lines 3479--3479
 [][][][]  
 []


Overfull \hbox (10.02994pt too wide) has occurred while \output is active
 [][][][]  
 []

[267

]
Overfull \hbox (10.02994pt too wide) in paragraph at lines 3493--3493
 [][][][]  
 []


Overfull \hbox (10.02994pt too wide) has occurred while \output is active
 [][][][]  
 []

[268

]
Overfull \hbox (10.02994pt too wide) in paragraph at lines 3505--3505
 [][][][]  
 []


Overfull \hbox (10.02994pt too wide) has occurred while \output is active
 [][][][]  
 []

[269

]
Overfull \hbox (10.02994pt too wide) in paragraph at lines 3519--3519
 [][][][]  
 []


Overfull \hbox (10.02994pt too wide) has occurred while \output is active
 [][][][]  
 []

[270

]
Overfull \hbox (10.02994pt too wide) in paragraph at lines 3531--3531
 [][][][]  
 []


Overfull \hbox (10.02994pt too wide) has occurred while \output is active
 [][][][]  
 []

[271

]
Overfull \hbox (10.02994pt too wide) in paragraph at lines 3545--3545
 [][][][]  
 []


Overfull \hbox (10.02994pt too wide) has occurred while \output is active
 [][][][]  
 []

[272

]
Overfull \hbox (10.02994pt too wide) in paragraph at lines 3557--3557
 [][][][]  
 []


Overfull \hbox (10.02994pt too wide) has occurred while \output is active
 [][][][]  
 []

[273

]
Overfull \hbox (10.02994pt too wide) in paragraph at lines 3571--3571
 [][][][]  
 []


Overfull \hbox (10.02994pt too wide) has occurred while \output is active
 [][][][]  
 []

[274

]
Overfull \hbox (10.02994pt too wide) in paragraph at lines 3583--3583
 [][][][]  
 []


Overfull \hbox (10.02994pt too wide) has occurred while \output is active
 [][][][]  
 []

[275

]
Overfull \hbox (10.02994pt too wide) in paragraph at lines 3597--3597
 [][][][]  
 []


Overfull \hbox (10.02994pt too wide) has occurred while \output is active
 [][][][]  
 []

[276

]
Overfull \hbox (10.02994pt too wide) in paragraph at lines 3609--3609
 [][][][]  
 []


Overfull \hbox (10.02994pt too wide) has occurred while \output is active
 [][][][]  
 []

[277

]
Overfull \hbox (10.02994pt too wide) in paragraph at lines 3623--3623
 [][][][]  
 []


Overfull \hbox (10.02994pt too wide) has occurred while \output is active
 [][][][]  
 []

[278

]
Overfull \hbox (10.02994pt too wide) in paragraph at lines 3635--3635
 [][][][]  
 []


Overfull \hbox (10.02994pt too wide) has occurred while \output is active
 [][][][]  
 []

[279

]
Overfull \hbox (10.02994pt too wide) in paragraph at lines 3649--3649
 [][][][]  
 []


Overfull \hbox (10.02994pt too wide) has occurred while \output is active
 [][][][]  
 []

[280

]
Overfull \hbox (10.02994pt too wide) in paragraph at lines 3661--3661
 [][][][]  
 []


Overfull \hbox (10.02994pt too wide) has occurred while \output is active
 [][][][]  
 []

[281

]
Overfull \hbox (10.02994pt too wide) in paragraph at lines 3675--3675
 [][][][]  
 []


Overfull \hbox (10.02994pt too wide) has occurred while \output is active
 [][][][]  
 []

[282

]
Overfull \hbox (10.02994pt too wide) in paragraph at lines 3687--3687
 [][][][]  
 []


Overfull \hbox (10.02994pt too wide) has occurred while \output is active
 [][][][]  
 []

[283

]
Overfull \hbox (10.02994pt too wide) in paragraph at lines 3701--3701
 [][][][]  
 []


Overfull \hbox (10.02994pt too wide) has occurred while \output is active
 [][][][]  
 []

[284

]
Overfull \hbox (10.02994pt too wide) in paragraph at lines 3713--3713
 [][][][]  
 []


Overfull \hbox (10.02994pt too wide) has occurred while \output is active
 [][][][]  
 []

[285

]
Overfull \hbox (10.02994pt too wide) in paragraph at lines 3727--3727
 [][][][]  
 []


Overfull \hbox (10.02994pt too wide) has occurred while \output is active
 [][][][]  
 []

[286

]
Overfull \hbox (10.02994pt too wide) in paragraph at lines 3739--3739
 [][][][]  
 []


Overfull \hbox (10.02994pt too wide) has occurred while \output is active
 [][][][]  
 []

[287

]
Overfull \hbox (10.02994pt too wide) in paragraph at lines 3753--3753
 [][][][]  
 []


Overfull \hbox (10.02994pt too wide) has occurred while \output is active
 [][][][]  
 []

[288

]
Overfull \hbox (10.02994pt too wide) in paragraph at lines 3765--3765
 [][][][]  
 []


Overfull \hbox (10.02994pt too wide) has occurred while \output is active
 [][][][]  
 []

[289

]
Overfull \hbox (10.02994pt too wide) in paragraph at lines 3779--3779
 [][][][]  
 []


Overfull \hbox (10.02994pt too wide) has occurred while \output is active
 [][][][]  
 []

[290

]
Overfull \hbox (10.02994pt too wide) in paragraph at lines 3791--3791
 [][][][]  
 []


Overfull \hbox (10.02994pt too wide) has occurred while \output is active
 [][][][]  
 []

[291

]
Overfull \hbox (10.02994pt too wide) in paragraph at lines 3805--3805
 [][][][]  
 []


Overfull \hbox (10.02994pt too wide) has occurred while \output is active
 [][][][]  
 []

[292

]
Overfull \hbox (10.02994pt too wide) in paragraph at lines 3817--3817
 [][][][]  
 []


Overfull \hbox (10.02994pt too wide) has occurred while \output is active
 [][][][]  
 []

[293

]
Overfull \hbox (10.02994pt too wide) in paragraph at lines 3831--3831
 [][][][]  
 []


Overfull \hbox (10.02994pt too wide) has occurred while \output is active
 [][][][]  
 []

[294

]
Overfull \hbox (10.02994pt too wide) in paragraph at lines 3843--3843
 [][][][]  
 []


Overfull \hbox (10.02994pt too wide) has occurred while \output is active
 [][][][]  
 []

[295

]
Overfull \hbox (10.02994pt too wide) in paragraph at lines 3857--3857
 [][][][]  
 []


Overfull \hbox (10.02994pt too wide) has occurred while \output is active
 [][][][]  
 []

[296

]
Overfull \hbox (10.02994pt too wide) in paragraph at lines 3869--3869
 [][][][]  
 []


Overfull \hbox (10.02994pt too wide) has occurred while \output is active
 [][][][]  
 []

[297

]
Overfull \hbox (10.02994pt too wide) in paragraph at lines 3883--3883
 [][][][]  
 []


Overfull \hbox (10.02994pt too wide) has occurred while \output is active
 [][][][]  
 []

[298

]
Overfull \hbox (10.02994pt too wide) in paragraph at lines 3895--3895
 [][][][]  
 []


Overfull \hbox (10.02994pt too wide) has occurred while \output is active
 [][][][]  
 []

[299

]
Overfull \hbox (10.02994pt too wide) in paragraph at lines 3909--3909
 [][][][]  
 []


Overfull \hbox (10.02994pt too wide) has occurred while \output is active
 [][][][]  
 []

[300

]
Overfull \hbox (10.02994pt too wide) in paragraph at lines 3921--3921
 [][][][]  
 []


Overfull \hbox (10.02994pt too wide) has occurred while \output is active
 [][][][]  
 []

[301

]
Overfull \hbox (10.02994pt too wide) in paragraph at lines 3935--3935
 [][][][]  
 []


Overfull \hbox (10.02994pt too wide) has occurred while \output is active
 [][][][]  
 []

[302

]
Overfull \hbox (10.02994pt too wide) in paragraph at lines 3951--3951
 [][][][]  
 []


Overfull \hbox (10.02994pt too wide) has occurred while \output is active
 [][][][]  
 []

[303

]
Overfull \hbox (10.02994pt too wide) in paragraph at lines 3965--3965
 [][][][]  
 []


Overfull \hbox (10.02994pt too wide) has occurred while \output is active
 [][][][]  
 []

[304

]
Overfull \hbox (10.02994pt too wide) in paragraph at lines 3977--3977
 [][][][]  
 []


Overfull \hbox (10.02994pt too wide) has occurred while \output is active
 [][][][]  
 []

[305

]
Overfull \hbox (10.02994pt too wide) in paragraph at lines 3991--3991
 [][][][]  
 []


Overfull \hbox (10.02994pt too wide) has occurred while \output is active
 [][][][]  
 []

[306

]
Overfull \hbox (10.02994pt too wide) in paragraph at lines 4003--4003
 [][][][]  
 []


Overfull \hbox (10.02994pt too wide) has occurred while \output is active
 [][][][]  
 []

[307

]
Overfull \hbox (10.02994pt too wide) in paragraph at lines 4017--4017
 [][][][]  
 []


Overfull \hbox (10.02994pt too wide) has occurred while \output is active
 [][][][]  
 []

[308

]
Overfull \hbox (10.02994pt too wide) in paragraph at lines 4029--4029
 [][][][]  
 []


Overfull \hbox (10.02994pt too wide) has occurred while \output is active
 [][][][]  
 []

[309

]
Overfull \hbox (10.02994pt too wide) in paragraph at lines 4043--4043
 [][][][]  
 []


Overfull \hbox (10.02994pt too wide) has occurred while \output is active
 [][][][]  
 []

[310

]
Overfull \hbox (10.02994pt too wide) in paragraph at lines 4055--4055
 [][][][]  
 []


Overfull \hbox (10.02994pt too wide) has occurred while \output is active
 [][][][]  
 []

[311

]
Overfull \hbox (10.02994pt too wide) in paragraph at lines 4069--4069
 [][][][]  
 []


Overfull \hbox (10.02994pt too wide) has occurred while \output is active
 [][][][]  
 []

[312

]
Overfull \hbox (10.02994pt too wide) in paragraph at lines 4081--4081
 [][][][]  
 []


Overfull \hbox (10.02994pt too wide) has occurred while \output is active
 [][][][]  
 []

[313

]
Overfull \hbox (10.02994pt too wide) in paragraph at lines 4095--4095
 [][][][]  
 []


Overfull \hbox (10.02994pt too wide) has occurred while \output is active
 [][][][]  
 []

[314

]
Overfull \hbox (10.02994pt too wide) in paragraph at lines 4107--4107
 [][][][]  
 []


Overfull \hbox (10.02994pt too wide) has occurred while \output is active
 [][][][]  
 []

[315

]
Overfull \hbox (10.02994pt too wide) in paragraph at lines 4121--4121
 [][][][]  
 []


Overfull \hbox (10.02994pt too wide) has occurred while \output is active
 [][][][]  
 []

[316

]
Overfull \hbox (10.02994pt too wide) in paragraph at lines 4133--4133
 [][][][]  
 []


Overfull \hbox (10.02994pt too wide) has occurred while \output is active
 [][][][]  
 []

[317

]
Overfull \hbox (10.02994pt too wide) in paragraph at lines 4147--4147
 [][][][]  
 []


Overfull \hbox (10.02994pt too wide) has occurred while \output is active
 [][][][]  
 []

[318

]
Overfull \hbox (10.02994pt too wide) in paragraph at lines 4159--4159
 [][][][]  
 []


Overfull \hbox (10.02994pt too wide) has occurred while \output is active
 [][][][]  
 []

[319

]
Overfull \hbox (10.02994pt too wide) in paragraph at lines 4173--4173
 [][][][]  
 []


Overfull \hbox (10.02994pt too wide) has occurred while \output is active
 [][][][]  
 []

[320

]
Overfull \hbox (10.02994pt too wide) in paragraph at lines 4185--4185
 [][][][]  
 []


Overfull \hbox (10.02994pt too wide) has occurred while \output is active
 [][][][]  
 []

[321

]
Overfull \hbox (10.02994pt too wide) in paragraph at lines 4199--4199
 [][][][]  
 []


Overfull \hbox (10.02994pt too wide) has occurred while \output is active
 [][][][]  
 []

[322

]
Overfull \hbox (10.02994pt too wide) in paragraph at lines 4211--4211
 [][][][]  
 []


Overfull \hbox (10.02994pt too wide) has occurred while \output is active
 [][][][]  
 []

[323

]
Overfull \hbox (10.02994pt too wide) in paragraph at lines 4225--4225
 [][][][]  
 []


Overfull \hbox (10.02994pt too wide) has occurred while \output is active
 [][][][]  
 []

[324

]
Overfull \hbox (10.02994pt too wide) in paragraph at lines 4237--4237
 [][][][]  
 []


Overfull \hbox (10.02994pt too wide) has occurred while \output is active
 [][][][]  
 []

[325

]
Overfull \hbox (10.02994pt too wide) in paragraph at lines 4251--4251
 [][][][]  
 []


Overfull \hbox (10.02994pt too wide) has occurred while \output is active
 [][][][]  
 []

[326

]
Overfull \hbox (10.02994pt too wide) in paragraph at lines 4263--4263
 [][][][]  
 []


Overfull \hbox (10.02994pt too wide) has occurred while \output is active
 [][][][]  
 []

[327

]
Overfull \hbox (10.02994pt too wide) in paragraph at lines 4277--4277
 [][][][]  
 []


Overfull \hbox (10.02994pt too wide) has occurred while \output is active
 [][][][]  
 []

[328

]
Overfull \hbox (10.02994pt too wide) in paragraph at lines 4289--4289
 [][][][]  
 []


Overfull \hbox (10.02994pt too wide) has occurred while \output is active
 [][][][]  
 []

[329

]
Overfull \hbox (10.02994pt too wide) in paragraph at lines 4303--4303
 [][][][]  
 []


Overfull \hbox (10.02994pt too wide) has occurred while \output is active
 [][][][]  
 []

[330

]
Overfull \hbox (10.02994pt too wide) in paragraph at lines 4315--4315
 [][][][]  
 []


Overfull \hbox (10.02994pt too wide) has occurred while \output is active
 [][][][]  
 []

[331

]
Overfull \hbox (10.02994pt too wide) in paragraph at lines 4329--4329
 [][][][]  
 []


Overfull \hbox (10.02994pt too wide) has occurred while \output is active
 [][][][]  
 []

[332

]
Overfull \hbox (10.02994pt too wide) in paragraph at lines 4341--4341
 [][][][]  
 []


Overfull \hbox (10.02994pt too wide) has occurred while \output is active
 [][][][]  
 []

[333

]
Overfull \hbox (10.02994pt too wide) in paragraph at lines 4355--4355
 [][][][]  
 []


Overfull \hbox (10.02994pt too wide) has occurred while \output is active
 [][][][]  
 []

[334

]
Overfull \hbox (10.02994pt too wide) in paragraph at lines 4367--4367
 [][][][]  
 []


Overfull \hbox (10.02994pt too wide) has occurred while \output is active
 [][][][]  
 []

[335

]
Overfull \hbox (10.02994pt too wide) in paragraph at lines 4381--4381
 [][][][]  
 []


Overfull \hbox (10.02994pt too wide) has occurred while \output is active
 [][][][]  
 []

[336

]
Overfull \hbox (10.02994pt too wide) in paragraph at lines 4393--4393
 [][][][]  
 []


Overfull \hbox (10.02994pt too wide) has occurred while \output is active
 [][][][]  
 []

[337

]
Overfull \hbox (10.02994pt too wide) in paragraph at lines 4407--4407
 [][][][]  
 []


Overfull \hbox (10.02994pt too wide) has occurred while \output is active
 [][][][]  
 []

[338

]
Overfull \hbox (10.02994pt too wide) in paragraph at lines 4419--4419
 [][][][]  
 []


Overfull \hbox (10.02994pt too wide) has occurred while \output is active
 [][][][]  
 []

[339

]
Overfull \hbox (10.02994pt too wide) in paragraph at lines 4433--4433
 [][][][]  
 []


Overfull \hbox (10.02994pt too wide) has occurred while \output is active
 [][][][]  
 []

[340

]
Overfull \hbox (10.02994pt too wide) in paragraph at lines 4445--4445
 [][][][]  
 []


Overfull \hbox (10.02994pt too wide) has occurred while \output is active
 [][][][]  
 []

[341

]
Overfull \hbox (10.02994pt too wide) in paragraph at lines 4459--4459
 [][][][]  
 []


Overfull \hbox (10.02994pt too wide) has occurred while \output is active
 [][][][]  
 []

[342

]
Overfull \hbox (10.02994pt too wide) in paragraph at lines 4471--4471
 [][][][]  
 []


Overfull \hbox (10.02994pt too wide) has occurred while \output is active
 [][][][]  
 []

[343

]
Overfull \hbox (10.02994pt too wide) in paragraph at lines 4485--4485
 [][][][]  
 []


Overfull \hbox (10.02994pt too wide) has occurred while \output is active
 [][][][]  
 []

[344

]
Overfull \hbox (10.02994pt too wide) in paragraph at lines 4497--4497
 [][][][]  
 []


Overfull \hbox (10.02994pt too wide) has occurred while \output is active
 [][][][]  
 []

[345

]
Overfull \hbox (10.02994pt too wide) in paragraph at lines 4511--4511
 [][][][]  
 []


Overfull \hbox (10.02994pt too wide) has occurred while \output is active
 [][][][]  
 []

[346

]
Overfull \hbox (10.02994pt too wide) in paragraph at lines 4523--4523
 [][][][]  
 []


Overfull \hbox (10.02994pt too wide) has occurred while \output is active
 [][][][]  
 []

[347

]
Overfull \hbox (10.02994pt too wide) in paragraph at lines 4537--4537
 [][][][]  
 []


Overfull \hbox (10.02994pt too wide) has occurred while \output is active
 [][][][]  
 []

[348

]
Overfull \hbox (10.02994pt too wide) in paragraph at lines 4549--4549
 [][][][]  
 []


Overfull \hbox (10.02994pt too wide) has occurred while \output is active
 [][][][]  
 []

[349

]
Overfull \hbox (10.02994pt too wide) in paragraph at lines 4563--4563
 [][][][]  
 []


Overfull \hbox (10.02994pt too wide) has occurred while \output is active
 [][][][]  
 []

[350

]
Overfull \hbox (10.02994pt too wide) in paragraph at lines 4575--4575
 [][][][]  
 []


Overfull \hbox (10.02994pt too wide) has occurred while \output is active
 [][][][]  
 []

[351

]
Overfull \hbox (10.02994pt too wide) in paragraph at lines 4589--4589
 [][][][]  
 []


Overfull \hbox (10.02994pt too wide) has occurred while \output is active
 [][][][]  
 []

[352

]
Overfull \hbox (10.02994pt too wide) in paragraph at lines 4601--4601
 [][][][]  
 []


Overfull \hbox (10.02994pt too wide) has occurred while \output is active
 [][][][]  
 []

[353

]
Overfull \hbox (10.02994pt too wide) in paragraph at lines 4615--4615
 [][][][]  
 []


Overfull \hbox (10.02994pt too wide) has occurred while \output is active
 [][][][]  
 []

[354

]
Overfull \hbox (10.02994pt too wide) in paragraph at lines 4627--4627
 [][][][]  
 []


Overfull \hbox (10.02994pt too wide) has occurred while \output is active
 [][][][]  
 []

[355

]
Overfull \hbox (10.02994pt too wide) in paragraph at lines 4641--4641
 [][][][]  
 []


Overfull \hbox (10.02994pt too wide) has occurred while \output is active
 [][][][]  
 []

[356

]
Overfull \hbox (10.02994pt too wide) in paragraph at lines 4653--4653
 [][][][]  
 []


Overfull \hbox (10.02994pt too wide) has occurred while \output is active
 [][][][]  
 []

[357

]
Overfull \hbox (10.02994pt too wide) in paragraph at lines 4667--4667
 [][][][]  
 []


Overfull \hbox (10.02994pt too wide) has occurred while \output is active
 [][][][]  
 []

[358

]
Overfull \hbox (10.02994pt too wide) in paragraph at lines 4679--4679
 [][][][]  
 []


Overfull \hbox (10.02994pt too wide) has occurred while \output is active
 [][][][]  
 []

[359

]
Overfull \hbox (10.02994pt too wide) in paragraph at lines 4693--4693
 [][][][]  
 []


Overfull \hbox (10.02994pt too wide) has occurred while \output is active
 [][][][]  
 []

[360

]
Overfull \hbox (10.02994pt too wide) in paragraph at lines 4705--4705
 [][][][]  
 []


Overfull \hbox (10.02994pt too wide) has occurred while \output is active
 [][][][]  
 []

[361

]
Overfull \hbox (10.02994pt too wide) in paragraph at lines 4719--4719
 [][][][]  
 []


Overfull \hbox (10.02994pt too wide) has occurred while \output is active
 [][][][]  
 []

[362

]
Overfull \hbox (10.02994pt too wide) in paragraph at lines 4731--4731
 [][][][]  
 []


Overfull \hbox (10.02994pt too wide) has occurred while \output is active
 [][][][]  
 []

[363

]
Overfull \hbox (10.02994pt too wide) in paragraph at lines 4745--4745
 [][][][]  
 []


Overfull \hbox (10.02994pt too wide) has occurred while \output is active
 [][][][]  
 []

[364

]
Overfull \hbox (10.02994pt too wide) in paragraph at lines 4757--4757
 [][][][]  
 []


Overfull \hbox (10.02994pt too wide) has occurred while \output is active
 [][][][]  
 []

[365

]
Overfull \hbox (10.02994pt too wide) in paragraph at lines 4771--4771
 [][][][]  
 []


Overfull \hbox (10.02994pt too wide) has occurred while \output is active
 [][][][]  
 []

[366

]
Overfull \hbox (10.02994pt too wide) in paragraph at lines 4783--4783
 [][][][]  
 []


Overfull \hbox (10.02994pt too wide) has occurred while \output is active
 [][][][]  
 []

[367

]
Overfull \hbox (10.02994pt too wide) in paragraph at lines 4797--4797
 [][][][]  
 []


Overfull \hbox (10.02994pt too wide) has occurred while \output is active
 [][][][]  
 []

[368

]
Overfull \hbox (10.02994pt too wide) in paragraph at lines 4809--4809
 [][][][]  
 []


Overfull \hbox (10.02994pt too wide) has occurred while \output is active
 [][][][]  
 []

[369

]
Overfull \hbox (10.02994pt too wide) in paragraph at lines 4823--4823
 [][][][]  
 []


Overfull \hbox (10.02994pt too wide) has occurred while \output is active
 [][][][]  
 []

[370

]
Overfull \hbox (10.02994pt too wide) in paragraph at lines 4835--4835
 [][][][]  
 []


Overfull \hbox (10.02994pt too wide) has occurred while \output is active
 [][][][]  
 []

[371

]
Overfull \hbox (10.02994pt too wide) in paragraph at lines 4849--4849
 [][][][]  
 []


Overfull \hbox (10.02994pt too wide) has occurred while \output is active
 [][][][]  
 []

[372

]
Overfull \hbox (10.02994pt too wide) in paragraph at lines 4861--4861
 [][][][]  
 []


Overfull \hbox (10.02994pt too wide) has occurred while \output is active
 [][][][]  
 []

[373

]
Overfull \hbox (10.02994pt too wide) in paragraph at lines 4875--4875
 [][][][]  
 []


Overfull \hbox (10.02994pt too wide) has occurred while \output is active
 [][][][]  
 []

[374

]
Overfull \hbox (10.02994pt too wide) in paragraph at lines 4887--4887
 [][][][]  
 []


Overfull \hbox (10.02994pt too wide) has occurred while \output is active
 [][][][]  
 []

[375

]
Overfull \hbox (10.02994pt too wide) in paragraph at lines 4901--4901
 [][][][]  
 []


Overfull \hbox (10.02994pt too wide) has occurred while \output is active
 [][][][]  
 []

[376

]
Overfull \hbox (10.02994pt too wide) in paragraph at lines 4913--4913
 [][][][]  
 []


Overfull \hbox (10.02994pt too wide) has occurred while \output is active
 [][][][]  
 []

[377

]
Overfull \hbox (10.02994pt too wide) in paragraph at lines 4927--4927
 [][][][]  
 []


Overfull \hbox (10.02994pt too wide) has occurred while \output is active
 [][][][]  
 []

[378

]
Overfull \hbox (10.02994pt too wide) in paragraph at lines 4939--4939
 [][][][]  
 []


Overfull \hbox (10.02994pt too wide) has occurred while \output is active
 [][][][]  
 []

[379

]
Overfull \hbox (10.02994pt too wide) in paragraph at lines 4953--4953
 [][][][]  
 []


Overfull \hbox (10.02994pt too wide) has occurred while \output is active
 [][][][]  
 []

[380

]
Overfull \hbox (10.02994pt too wide) in paragraph at lines 4965--4965
 [][][][]  
 []


Overfull \hbox (10.02994pt too wide) has occurred while \output is active
 [][][][]  
 []

[381

]
Overfull \hbox (10.02994pt too wide) in paragraph at lines 4979--4979
 [][][][]  
 []


Overfull \hbox (10.02994pt too wide) has occurred while \output is active
 [][][][]  
 []

[382

]
Overfull \hbox (10.02994pt too wide) in paragraph at lines 4991--4991
 [][][][]  
 []


Overfull \hbox (10.02994pt too wide) has occurred while \output is active
 [][][][]  
 []

[383

]
Overfull \hbox (10.02994pt too wide) in paragraph at lines 5005--5005
 [][][][]  
 []


Overfull \hbox (10.02994pt too wide) has occurred while \output is active
 [][][][]  
 []

[384

]
Overfull \hbox (10.02994pt too wide) in paragraph at lines 5017--5017
 [][][][]  
 []


Overfull \hbox (10.02994pt too wide) has occurred while \output is active
 [][][][]  
 []

[385

]
Overfull \hbox (10.02994pt too wide) in paragraph at lines 5031--5031
 [][][][]  
 []


Overfull \hbox (10.02994pt too wide) has occurred while \output is active
 [][][][]  
 []

[386

]
Overfull \hbox (10.02994pt too wide) in paragraph at lines 5043--5043
 [][][][]  
 []


Overfull \hbox (10.02994pt too wide) has occurred while \output is active
 [][][][]  
 []

[387

]
Overfull \hbox (10.02994pt too wide) in paragraph at lines 5057--5057
 [][][][]  
 []


Overfull \hbox (10.02994pt too wide) has occurred while \output is active
 [][][][]  
 []

[388

]
Overfull \hbox (10.02994pt too wide) in paragraph at lines 5069--5069
 [][][][]  
 []


Overfull \hbox (10.02994pt too wide) has occurred while \output is active
 [][][][]  
 []

[389

]
Overfull \hbox (10.02994pt too wide) in paragraph at lines 5083--5083
 [][][][]  
 []


Overfull \hbox (10.02994pt too wide) has occurred while \output is active
 [][][][]  
 []

[390

]
Overfull \hbox (10.02994pt too wide) in paragraph at lines 5095--5095
 [][][][]  
 []


Overfull \hbox (10.02994pt too wide) has occurred while \output is active
 [][][][]  
 []

[391

]
Overfull \hbox (10.02994pt too wide) in paragraph at lines 5109--5109
 [][][][]  
 []


Overfull \hbox (10.02994pt too wide) has occurred while \output is active
 [][][][]  
 []

[392

]
Overfull \hbox (10.02994pt too wide) in paragraph at lines 5121--5121
 [][][][]  
 []


Overfull \hbox (10.02994pt too wide) has occurred while \output is active
 [][][][]  
 []

[393

]
Overfull \hbox (10.02994pt too wide) in paragraph at lines 5135--5135
 [][][][]  
 []


Overfull \hbox (10.02994pt too wide) has occurred while \output is active
 [][][][]  
 []

[394

]
Overfull \hbox (10.02994pt too wide) in paragraph at lines 5147--5147
 [][][][]  
 []


Overfull \hbox (10.02994pt too wide) has occurred while \output is active
 [][][][]  
 []

[395

]
Overfull \hbox (10.02994pt too wide) in paragraph at lines 5161--5161
 [][][][]  
 []


Overfull \hbox (10.02994pt too wide) has occurred while \output is active
 [][][][]  
 []

[396

]
Overfull \hbox (10.02994pt too wide) in paragraph at lines 5173--5173
 [][][][]  
 []


Overfull \hbox (10.02994pt too wide) has occurred while \output is active
 [][][][]  
 []

[397

]
Overfull \hbox (10.02994pt too wide) in paragraph at lines 5187--5187
 [][][][]  
 []


Overfull \hbox (10.02994pt too wide) has occurred while \output is active
 [][][][]  
 []

[398

]
Overfull \hbox (10.02994pt too wide) in paragraph at lines 5199--5199
 [][][][]  
 []


Overfull \hbox (10.02994pt too wide) has occurred while \output is active
 [][][][]  
 []

[399

]
Overfull \hbox (10.02994pt too wide) in paragraph at lines 5213--5213
 [][][][]  
 []


Overfull \hbox (10.02994pt too wide) has occurred while \output is active
 [][][][]  
 []

[400

]
Overfull \hbox (10.02994pt too wide) in paragraph at lines 5225--5225
 [][][][]  
 []


Overfull \hbox (10.02994pt too wide) has occurred while \output is active
 [][][][]  
 []

[401

]
Overfull \hbox (10.02994pt too wide) in paragraph at lines 5239--5239
 [][][][]  
 []


Overfull \hbox (10.02994pt too wide) has occurred while \output is active
 [][][][]  
 []

[402

]
Overfull \hbox (10.02994pt too wide) in paragraph at lines 5254--5254
 [][][][]  
 []


Overfull \hbox (10.02994pt too wide) has occurred while \output is active
 [][][][]  
 []

[403

]
Overfull \hbox (10.02994pt too wide) in paragraph at lines 5267--5267
 [][][][]  
 []


Overfull \hbox (10.02994pt too wide) has occurred while \output is active
 [][][][]  
 []

[404

]
Overfull \hbox (10.02994pt too wide) in paragraph at lines 5284--5284
 [][][][]  
 []


Overfull \hbox (10.02994pt too wide) has occurred while \output is active
 [][][][]  
 []

[405

]
\tf@nav=\write6
\openout6 = `part3.nav'.

\tf@toc=\write7
\openout7 = `part3.toc'.

\tf@snm=\write8
\openout8 = `part3.snm'.

 (./part3.aux)
 ***********
LaTeX2e <2023-11-01> patch level 1
L3 programming layer <2024-01-22>
 ***********
Package rerunfilecheck Info: File `part3.out' has not changed.
(rerunfilecheck)             Checksum: D14F0D921592B433EC123515EAB460B7;794.
 ) 
Here is how much of TeX's memory you used:
 26470 strings out of 474222
 514834 string characters out of 5748732
 2323975 words of memory out of 5000000
 47431 multiletter control sequences out of 15000+600000
 561183 words of font info for 46 fonts, out of 8000000 for 9000
 1141 hyphenation exceptions out of 8191
 128i,15n,123p,397b,840s stack positions out of 10000i,1000n,20000p,200000b,200000s
</usr/share/texlive/texmf-dist/fonts/type1/public/amsfonts/cm/cmss10.pfb></us
r/share/texlive/texmf-dist/fonts/type1/public/amsfonts/cm/cmss12.pfb></usr/shar
e/texlive/texmf-dist/fonts/type1/public/amsfonts/cm/cmss8.pfb></usr/share/texli
ve/texmf-dist/fonts/type1/public/amsfonts/cm/cmssbx10.pfb></usr/share/texlive/t
exmf-dist/fonts/type1/public/amsfonts/cm/cmssi10.pfb></usr/share/texmf/fonts/ty
pe1/public/cm-super/sfss1095.pfb>
Output written on part3.pdf (405 pages, 1654884 bytes).
PDF statistics:
 16917 PDF objects out of 18468 (max. 8388607)
 12901 compressed objects within 130 object streams
 815 named destinations out of 1000 (max. 500000)
 18405 words of extra memory for PDF output out of 20736 (max. 10000000)

